-- phpMyAdmin SQL Dump
-- version 4.6.5.2
-- https://www.phpmyadmin.net/
--
-- Host: 127.0.0.1
-- Generation Time: Mar 13, 2017 at 12:04 AM
-- Server version: 10.1.13-MariaDB
-- PHP Version: 5.6.30

SET SQL_MODE = "NO_AUTO_VALUE_ON_ZERO";
SET time_zone = "+00:00";


/*!40101 SET @OLD_CHARACTER_SET_CLIENT=@@CHARACTER_SET_CLIENT */;
/*!40101 SET @OLD_CHARACTER_SET_RESULTS=@@CHARACTER_SET_RESULTS */;
/*!40101 SET @OLD_COLLATION_CONNECTION=@@COLLATION_CONNECTION */;
/*!40101 SET NAMES utf8mb4 */;

--
-- Database: `assistone`
--

-- --------------------------------------------------------

--
-- Table structure for table `accounts`
--

CREATE TABLE `accounts` (
  `id` int(11) NOT NULL,
  `username` varchar(45) NOT NULL,
  `password` varchar(45) NOT NULL,
  `fullname` varchar(45) NOT NULL,
  `display_picture` varchar(45) DEFAULT 'img.jpg'
) ENGINE=InnoDB DEFAULT CHARSET=latin1;

--
-- Dumping data for table `accounts`
--

INSERT INTO `accounts` (`id`, `username`, `password`, `fullname`, `display_picture`) VALUES
(1, 'HCB', '46f94c8de14fb36680850768ff1b7f2a', 'Harris Baldon', 'img.jpg'),
(2, 'hbaldon', '46f94c8de14fb36680850768ff1b7f2a', 'Homer Baldon', '924a9f9d16d480949419daeab6e743d1.jpg');

-- --------------------------------------------------------

--
-- Table structure for table `customers`
--

CREATE TABLE `customers` (
  `id` int(11) NOT NULL,
  `customer_id` varchar(10) DEFAULT NULL,
  `firstname` varchar(45) NOT NULL,
  `middlename` varchar(45) DEFAULT NULL,
  `lastname` varchar(45) NOT NULL,
  `mobilenumber` varchar(45) NOT NULL,
  `address` varchar(45) NOT NULL,
  `registered` timestamp NOT NULL DEFAULT CURRENT_TIMESTAMP,
  `guarantor_customers_id` int(11) DEFAULT NULL,
  `deleted_at` timestamp NULL DEFAULT NULL,
  `display_picture` varchar(45) DEFAULT 'img.jpg',
  `complete_name` varchar(50) DEFAULT NULL
) ENGINE=InnoDB DEFAULT CHARSET=latin1;

--
-- Dumping data for table `customers`
--

INSERT INTO `customers` (`id`, `customer_id`, `firstname`, `middlename`, `lastname`, `mobilenumber`, `address`, `registered`, `guarantor_customers_id`, `deleted_at`, `display_picture`, `complete_name`) VALUES
(1, '17-0001', 'Boy', 'Pala', 'Utang', '0910 234 5789', 'Loan St., Utang City', '2017-03-04 18:04:01', 0, NULL, '8bd912157cf34a2f5088f10f6768618e.jpg', '17-0001 | Boy Pala Utang'),
(2, '17-0002', 'Girl', 'Alyas', 'Utang', '1111 111 1111', 'Bunga Mar, Jagna, Bohol', '2017-03-07 14:13:58', 1, NULL, 'img.jpg', '17-0002 | Girl Alyas Utang');

-- --------------------------------------------------------

--
-- Table structure for table `effectivities`
--

CREATE TABLE `effectivities` (
  `id` int(11) NOT NULL,
  `effectivity_date` date NOT NULL,
  `submitted_date` date NOT NULL,
  `status` enum('active','inactive') NOT NULL
) ENGINE=InnoDB DEFAULT CHARSET=latin1;

-- --------------------------------------------------------

--
-- Table structure for table `investors`
--

CREATE TABLE `investors` (
  `id` int(11) NOT NULL,
  `investor_id` varchar(10) DEFAULT NULL,
  `firstname` varchar(45) NOT NULL,
  `middlename` varchar(45) DEFAULT NULL,
  `lastname` varchar(45) NOT NULL,
  `mobilenumber` varchar(45) NOT NULL,
  `address` varchar(45) NOT NULL,
  `registered` timestamp NOT NULL DEFAULT CURRENT_TIMESTAMP,
  `deleted_at` timestamp NULL DEFAULT NULL,
  `display_picture` varchar(50) NOT NULL DEFAULT 'img.jpg',
  `complete_name` varchar(50) NOT NULL
) ENGINE=InnoDB DEFAULT CHARSET=latin1;

--
-- Dumping data for table `investors`
--

INSERT INTO `investors` (`id`, `investor_id`, `firstname`, `middlename`, `lastname`, `mobilenumber`, `address`, `registered`, `deleted_at`, `display_picture`, `complete_name`) VALUES
(1, '17-0001', 'Harris', 'Cabacog', 'Baldon', '1231 123 3333', 'Bunga Mar, Jagna, Bohol', '2017-03-04 18:05:55', NULL, 'img.jpg', '17-0001 | Harris Cabacog Baldon');

-- --------------------------------------------------------

--
-- Table structure for table `loans`
--

CREATE TABLE `loans` (
  `id` int(11) NOT NULL,
  `customer_id` int(11) NOT NULL,
  `loan_id` varchar(10) NOT NULL,
  `date_of_application` date DEFAULT NULL,
  `date_of_release` date DEFAULT NULL,
  `amount_loan` decimal(10,2) NOT NULL,
  `interest_rate` decimal(10,2) NOT NULL,
  `number_of_terms` int(11) NOT NULL,
  `total_interest_amount` decimal(10,2) NOT NULL,
  `balance` decimal(10,2) NOT NULL,
  `status` enum('reserved','approved') NOT NULL DEFAULT 'reserved'
) ENGINE=InnoDB DEFAULT CHARSET=latin1;

--
-- Dumping data for table `loans`
--

INSERT INTO `loans` (`id`, `customer_id`, `loan_id`, `date_of_application`, `date_of_release`, `amount_loan`, `interest_rate`, `number_of_terms`, `total_interest_amount`, `balance`, `status`) VALUES
(1, 1, '17-01-0001', '2017-03-05', '2017-03-05', '10000.00', '2.00', 12, '1200.00', '8397.00', 'approved'),
(2, 1, '17-01-0002', '2017-03-05', '2017-03-05', '100000.00', '5.00', 20, '50000.00', '112500.00', 'approved'),
(3, 1, '17-01-0003', '2017-03-31', '2017-03-31', '10000.00', '5.00', 12, '3000.00', '10830.00', 'approved'),
(5, 1, '17-01-0005', '2017-03-07', '2017-03-07', '90000.00', '5.00', 25, '56250.00', '140400.00', 'approved'),
(6, 1, '17-01-0006', '2017-03-07', '2017-03-07', '3000.00', '2.00', 4, '120.00', '2340.00', 'approved'),
(7, 1, '17-01-0007', '2017-03-07', '2017-03-07', '10000.00', '2.00', 20, '2000.00', '10900.00', 'approved'),
(8, 2, '17-02-0008', '2017-03-07', '2017-03-10', '10000.00', '2.00', 6, '600.00', '8833.00', 'approved'),
(9, 2, '17-02-0009', '2017-03-08', '2017-03-08', '10000.00', '5.00', 10, '2500.00', '12500.00', 'approved'),
(10, 2, '17-02-0010', '2017-03-12', '2017-03-31', '10000.00', '5.00', 10, '2500.00', '12500.00', 'approved'),
(11, 1, '17-01-0011', '2017-03-12', '2017-03-31', '10000.00', '5.00', 10, '2500.00', '12500.00', 'approved'),
(12, 1, '17-01-0012', '2017-03-12', '2017-03-25', '20000.00', '2.00', 20, '4000.00', '22800.00', 'approved'),
(13, 2, '17-02-0013', '2017-03-12', '2017-03-18', '30000.00', '2.00', 30, '9000.00', '39000.00', 'approved'),
(14, 2, '17-02-0014', '2017-03-13', '2017-03-31', '10000.00', '2.00', 10, '1000.00', '11000.00', 'approved'),
(15, 2, '17-02-0015', '2017-03-13', '2017-03-31', '20000.00', '5.00', 20, '10000.00', '30000.00', 'approved'),
(16, 2, '17-02-0016', '2017-03-13', '2017-03-27', '10000.00', '2.00', 10, '1000.00', '11000.00', 'approved'),
(17, 2, '17-02-0017', '2017-03-13', '2017-03-26', '10000.00', '2.00', 10, '1000.00', '11000.00', 'approved'),
(18, 2, '17-02-0018', '2017-03-13', '2017-03-18', '10000.00', '2.00', 20, '2000.00', '12000.00', 'approved'),
(19, 2, '17-02-0019', '2017-03-13', '2017-03-25', '10000.00', '2.00', 10, '1000.00', '11000.00', 'approved'),
(20, 2, '17-02-0020', '2017-03-13', '2017-03-31', '100000.00', '2.00', 10, '10000.00', '110000.00', 'approved'),
(21, 2, '17-02-0021', '2017-03-13', '0000-00-00', '10000.00', '5.00', 10, '2500.00', '12500.00', 'approved'),
(22, 2, '17-02-0022', '2017-03-13', '2017-03-18', '10000.00', '5.00', 10, '2500.00', '12500.00', 'approved'),
(23, 1, '17-01-0023', '2017-03-13', '2017-03-31', '10000.00', '2.00', 10, '1000.00', '10000.00', 'approved');

-- --------------------------------------------------------

--
-- Table structure for table `payments`
--

CREATE TABLE `payments` (
  `id` int(11) NOT NULL,
  `loans_id` int(11) NOT NULL,
  `due_date` date NOT NULL,
  `due_amount` decimal(10,2) NOT NULL,
  `actual_paid_date` date DEFAULT NULL,
  `amount_paid` decimal(10,2) NOT NULL DEFAULT '0.00',
  `payment_balance` decimal(10,2) NOT NULL DEFAULT '0.00',
  `running_balance` decimal(10,2) NOT NULL DEFAULT '0.00'
) ENGINE=InnoDB DEFAULT CHARSET=latin1;

--
-- Dumping data for table `payments`
--

INSERT INTO `payments` (`id`, `loans_id`, `due_date`, `due_amount`, `actual_paid_date`, `amount_paid`, `payment_balance`, `running_balance`) VALUES
(1, 1, '2017-03-15', '937.00', '2017-03-15', '937.00', '0.00', '10263.00'),
(2, 1, '2017-03-31', '933.00', '2017-03-31', '933.00', '0.00', '9330.00'),
(3, 1, '2017-04-15', '933.00', '2017-04-15', '933.00', '0.00', '8397.00'),
(4, 1, '2017-04-30', '933.00', NULL, '0.00', '0.00', '0.00'),
(5, 1, '2017-05-15', '933.00', NULL, '0.00', '0.00', '0.00'),
(6, 1, '2017-05-31', '933.00', NULL, '0.00', '0.00', '0.00'),
(7, 1, '2017-06-15', '933.00', NULL, '0.00', '0.00', '0.00'),
(8, 1, '2017-06-30', '933.00', NULL, '0.00', '0.00', '0.00'),
(9, 1, '2017-07-15', '933.00', NULL, '0.00', '0.00', '0.00'),
(10, 1, '2017-07-31', '933.00', NULL, '0.00', '0.00', '0.00'),
(11, 1, '2017-08-15', '933.00', NULL, '0.00', '0.00', '0.00'),
(12, 1, '2017-08-31', '933.00', NULL, '0.00', '0.00', '0.00'),
(13, 2, '2017-03-15', '7500.00', '2017-03-15', '7500.00', '0.00', '142500.00'),
(14, 2, '2017-03-31', '7500.00', '2017-03-31', '7500.00', '0.00', '135000.00'),
(15, 2, '2017-04-15', '7500.00', '2017-04-15', '7500.00', '0.00', '127500.00'),
(16, 2, '2017-04-30', '7500.00', '2017-04-30', '7500.00', '0.00', '120000.00'),
(17, 2, '2017-05-15', '7500.00', '2017-05-15', '7500.00', '0.00', '112500.00'),
(18, 2, '2017-05-31', '7500.00', NULL, '0.00', '0.00', '0.00'),
(19, 2, '2017-06-15', '7500.00', NULL, '0.00', '0.00', '0.00'),
(20, 2, '2017-06-30', '7500.00', NULL, '0.00', '0.00', '0.00'),
(21, 2, '2017-07-15', '7500.00', NULL, '0.00', '0.00', '0.00'),
(22, 2, '2017-07-31', '7500.00', NULL, '0.00', '0.00', '0.00'),
(23, 2, '2017-08-15', '7500.00', NULL, '0.00', '0.00', '0.00'),
(24, 2, '2017-08-31', '7500.00', NULL, '0.00', '0.00', '0.00'),
(25, 2, '2017-09-15', '7500.00', NULL, '0.00', '0.00', '0.00'),
(26, 2, '2017-09-30', '7500.00', NULL, '0.00', '0.00', '0.00'),
(27, 2, '2017-10-15', '7500.00', NULL, '0.00', '0.00', '0.00'),
(28, 2, '2017-10-31', '7500.00', NULL, '0.00', '0.00', '0.00'),
(29, 2, '2017-11-15', '7500.00', NULL, '0.00', '0.00', '0.00'),
(30, 2, '2017-11-30', '7500.00', NULL, '0.00', '0.00', '0.00'),
(31, 2, '2017-12-15', '7500.00', NULL, '0.00', '0.00', '0.00'),
(32, 2, '2017-12-31', '7500.00', NULL, '0.00', '0.00', '0.00'),
(33, 3, '2017-04-15', '1087.00', '2017-04-15', '1087.00', '0.00', '11913.00'),
(34, 3, '2017-04-30', '1083.00', '2017-04-30', '1083.00', '0.00', '10830.00'),
(35, 3, '2017-05-15', '1083.00', NULL, '0.00', '0.00', '0.00'),
(36, 3, '2017-05-31', '1083.00', NULL, '0.00', '0.00', '0.00'),
(37, 3, '2017-06-15', '1083.00', NULL, '0.00', '0.00', '0.00'),
(38, 3, '2017-06-30', '1083.00', NULL, '0.00', '0.00', '0.00'),
(39, 3, '2017-07-15', '1083.00', NULL, '0.00', '0.00', '0.00'),
(40, 3, '2017-07-31', '1083.00', NULL, '0.00', '0.00', '0.00'),
(41, 3, '2017-08-15', '1083.00', NULL, '0.00', '0.00', '0.00'),
(42, 3, '2017-08-31', '1083.00', NULL, '0.00', '0.00', '0.00'),
(43, 3, '2017-09-15', '1083.00', NULL, '0.00', '0.00', '0.00'),
(44, 3, '2017-09-30', '1083.00', NULL, '0.00', '0.00', '0.00'),
(135, 5, '2017-03-15', '5850.00', '2017-03-15', '5850.00', '0.00', '140400.00'),
(136, 5, '2017-03-31', '5850.00', NULL, '0.00', '0.00', '0.00'),
(137, 5, '2017-04-15', '5850.00', NULL, '0.00', '0.00', '0.00'),
(138, 5, '2017-04-30', '5850.00', NULL, '0.00', '0.00', '0.00'),
(139, 5, '2017-05-15', '5850.00', NULL, '0.00', '0.00', '0.00'),
(140, 5, '2017-05-31', '5850.00', NULL, '0.00', '0.00', '0.00'),
(141, 5, '2017-06-15', '5850.00', NULL, '0.00', '0.00', '0.00'),
(142, 5, '2017-06-30', '5850.00', NULL, '0.00', '0.00', '0.00'),
(143, 5, '2017-07-15', '5850.00', NULL, '0.00', '0.00', '0.00'),
(144, 5, '2017-07-31', '5850.00', NULL, '0.00', '0.00', '0.00'),
(145, 5, '2017-08-15', '5850.00', NULL, '0.00', '0.00', '0.00'),
(146, 5, '2017-08-31', '5850.00', NULL, '0.00', '0.00', '0.00'),
(147, 5, '2017-09-15', '5850.00', NULL, '0.00', '0.00', '0.00'),
(148, 5, '2017-09-30', '5850.00', NULL, '0.00', '0.00', '0.00'),
(149, 5, '2017-10-15', '5850.00', NULL, '0.00', '0.00', '0.00'),
(150, 5, '2017-10-31', '5850.00', NULL, '0.00', '0.00', '0.00'),
(151, 5, '2017-11-15', '5850.00', NULL, '0.00', '0.00', '0.00'),
(152, 5, '2017-11-30', '5850.00', NULL, '0.00', '0.00', '0.00'),
(153, 5, '2017-12-15', '5850.00', NULL, '0.00', '0.00', '0.00'),
(154, 5, '2017-12-31', '5850.00', NULL, '0.00', '0.00', '0.00'),
(155, 5, '2018-01-15', '5850.00', NULL, '0.00', '0.00', '0.00'),
(156, 5, '2018-01-31', '5850.00', NULL, '0.00', '0.00', '0.00'),
(157, 5, '2018-02-15', '5850.00', NULL, '0.00', '0.00', '0.00'),
(158, 5, '2018-02-28', '5850.00', NULL, '0.00', '0.00', '0.00'),
(159, 5, '2018-03-15', '5850.00', NULL, '0.00', '0.00', '0.00'),
(160, 6, '2017-03-15', '780.00', '2017-03-15', '780.00', '0.00', '2340.00'),
(161, 6, '2017-03-31', '780.00', NULL, '0.00', '0.00', '0.00'),
(162, 6, '2017-04-15', '780.00', NULL, '0.00', '0.00', '0.00'),
(163, 6, '2017-04-30', '780.00', NULL, '0.00', '0.00', '0.00'),
(164, 7, '2017-03-15', '600.00', '2017-03-15', '600.00', '0.00', '11400.00'),
(165, 7, '2017-03-31', '600.00', '2017-03-31', '500.00', '100.00', '10900.00'),
(166, 7, '2017-04-15', '702.00', NULL, '0.00', '0.00', '10902.00'),
(167, 7, '2017-04-30', '600.00', NULL, '0.00', '0.00', '0.00'),
(168, 7, '2017-05-15', '600.00', NULL, '0.00', '0.00', '0.00'),
(169, 7, '2017-05-31', '600.00', NULL, '0.00', '0.00', '0.00'),
(170, 7, '2017-06-15', '600.00', NULL, '0.00', '0.00', '0.00'),
(171, 7, '2017-06-30', '600.00', NULL, '0.00', '0.00', '0.00'),
(172, 7, '2017-07-15', '600.00', NULL, '0.00', '0.00', '0.00'),
(173, 7, '2017-07-31', '600.00', NULL, '0.00', '0.00', '0.00'),
(174, 7, '2017-08-15', '600.00', NULL, '0.00', '0.00', '0.00'),
(175, 7, '2017-08-31', '600.00', NULL, '0.00', '0.00', '0.00'),
(176, 7, '2017-09-15', '600.00', NULL, '0.00', '0.00', '0.00'),
(177, 7, '2017-09-30', '600.00', NULL, '0.00', '0.00', '0.00'),
(178, 7, '2017-10-15', '600.00', NULL, '0.00', '0.00', '0.00'),
(179, 7, '2017-10-31', '600.00', NULL, '0.00', '0.00', '0.00'),
(180, 7, '2017-11-15', '600.00', NULL, '0.00', '0.00', '0.00'),
(181, 7, '2017-11-30', '600.00', NULL, '0.00', '0.00', '0.00'),
(182, 7, '2017-12-15', '600.00', NULL, '0.00', '0.00', '0.00'),
(183, 7, '2017-12-31', '600.00', NULL, '0.00', '0.00', '0.00'),
(184, 8, '2017-03-31', '1767.00', '2017-03-31', '1767.00', '0.00', '8833.00'),
(185, 8, '2017-04-15', '1767.00', NULL, '0.00', '0.00', '0.00'),
(186, 8, '2017-04-30', '1767.00', NULL, '0.00', '0.00', '0.00'),
(187, 8, '2017-05-15', '1767.00', NULL, '0.00', '0.00', '0.00'),
(188, 8, '2017-05-31', '1767.00', NULL, '0.00', '0.00', '0.00'),
(189, 8, '2017-06-15', '1765.00', NULL, '0.00', '0.00', '0.00'),
(190, 9, '2017-03-15', '1250.00', NULL, '0.00', '0.00', '12500.00'),
(191, 9, '2017-03-31', '1250.00', NULL, '0.00', '0.00', '0.00'),
(192, 9, '2017-04-15', '1250.00', NULL, '0.00', '0.00', '0.00'),
(193, 9, '2017-04-30', '1250.00', NULL, '0.00', '0.00', '0.00'),
(194, 9, '2017-05-15', '1250.00', NULL, '0.00', '0.00', '0.00'),
(195, 9, '2017-05-31', '1250.00', NULL, '0.00', '0.00', '0.00'),
(196, 9, '2017-06-15', '1250.00', NULL, '0.00', '0.00', '0.00'),
(197, 9, '2017-06-30', '1250.00', NULL, '0.00', '0.00', '0.00'),
(198, 9, '2017-07-15', '1250.00', NULL, '0.00', '0.00', '0.00'),
(199, 9, '2017-07-31', '1250.00', NULL, '0.00', '0.00', '0.00'),
(200, 22, '2017-03-31', '1250.00', NULL, '0.00', '0.00', '12500.00'),
(201, 22, '2017-04-15', '1250.00', NULL, '0.00', '0.00', '0.00'),
(202, 22, '2017-04-30', '1250.00', NULL, '0.00', '0.00', '0.00'),
(203, 22, '2017-05-15', '1250.00', NULL, '0.00', '0.00', '0.00'),
(204, 22, '2017-05-31', '1250.00', NULL, '0.00', '0.00', '0.00'),
(205, 22, '2017-06-15', '1250.00', NULL, '0.00', '0.00', '0.00'),
(206, 22, '2017-06-30', '1250.00', NULL, '0.00', '0.00', '0.00'),
(207, 22, '2017-07-15', '1250.00', NULL, '0.00', '0.00', '0.00'),
(208, 22, '2017-07-31', '1250.00', NULL, '0.00', '0.00', '0.00'),
(209, 22, '2017-08-15', '1250.00', NULL, '0.00', '0.00', '0.00'),
(210, 21, '1970-01-01', '1250.00', NULL, '0.00', '0.00', '12500.00'),
(211, 21, '1970-01-15', '1250.00', NULL, '0.00', '0.00', '0.00'),
(212, 21, '1970-01-31', '1250.00', NULL, '0.00', '0.00', '0.00'),
(213, 21, '1970-02-15', '1250.00', NULL, '0.00', '0.00', '0.00'),
(214, 21, '1970-02-28', '1250.00', NULL, '0.00', '0.00', '0.00'),
(215, 21, '1970-03-15', '1250.00', NULL, '0.00', '0.00', '0.00'),
(216, 21, '1970-03-31', '1250.00', NULL, '0.00', '0.00', '0.00'),
(217, 21, '1970-04-15', '1250.00', NULL, '0.00', '0.00', '0.00'),
(218, 21, '1970-04-30', '1250.00', NULL, '0.00', '0.00', '0.00'),
(219, 21, '1970-05-15', '1250.00', NULL, '0.00', '0.00', '0.00'),
(220, 13, '2017-03-31', '1300.00', NULL, '0.00', '0.00', '39000.00'),
(221, 13, '2017-04-15', '1300.00', NULL, '0.00', '0.00', '0.00'),
(222, 13, '2017-04-30', '1300.00', NULL, '0.00', '0.00', '0.00'),
(223, 13, '2017-05-15', '1300.00', NULL, '0.00', '0.00', '0.00'),
(224, 13, '2017-05-31', '1300.00', NULL, '0.00', '0.00', '0.00'),
(225, 13, '2017-06-15', '1300.00', NULL, '0.00', '0.00', '0.00'),
(226, 13, '2017-06-30', '1300.00', NULL, '0.00', '0.00', '0.00'),
(227, 13, '2017-07-15', '1300.00', NULL, '0.00', '0.00', '0.00'),
(228, 13, '2017-07-31', '1300.00', NULL, '0.00', '0.00', '0.00'),
(229, 13, '2017-08-15', '1300.00', NULL, '0.00', '0.00', '0.00'),
(230, 13, '2017-08-31', '1300.00', NULL, '0.00', '0.00', '0.00'),
(231, 13, '2017-09-15', '1300.00', NULL, '0.00', '0.00', '0.00'),
(232, 13, '2017-09-30', '1300.00', NULL, '0.00', '0.00', '0.00'),
(233, 13, '2017-10-15', '1300.00', NULL, '0.00', '0.00', '0.00'),
(234, 13, '2017-10-31', '1300.00', NULL, '0.00', '0.00', '0.00'),
(235, 13, '2017-11-15', '1300.00', NULL, '0.00', '0.00', '0.00'),
(236, 13, '2017-11-30', '1300.00', NULL, '0.00', '0.00', '0.00'),
(237, 13, '2017-12-15', '1300.00', NULL, '0.00', '0.00', '0.00'),
(238, 13, '2017-12-31', '1300.00', NULL, '0.00', '0.00', '0.00'),
(239, 13, '2018-01-15', '1300.00', NULL, '0.00', '0.00', '0.00'),
(240, 13, '2018-01-31', '1300.00', NULL, '0.00', '0.00', '0.00'),
(241, 13, '2018-02-15', '1300.00', NULL, '0.00', '0.00', '0.00'),
(242, 13, '2018-02-28', '1300.00', NULL, '0.00', '0.00', '0.00'),
(243, 13, '2018-03-15', '1300.00', NULL, '0.00', '0.00', '0.00'),
(244, 13, '2018-03-31', '1300.00', NULL, '0.00', '0.00', '0.00'),
(245, 13, '2018-04-15', '1300.00', NULL, '0.00', '0.00', '0.00'),
(246, 13, '2018-04-30', '1300.00', NULL, '0.00', '0.00', '0.00'),
(247, 13, '2018-05-15', '1300.00', NULL, '0.00', '0.00', '0.00'),
(248, 13, '2018-05-31', '1300.00', NULL, '0.00', '0.00', '0.00'),
(249, 13, '2018-06-15', '1300.00', NULL, '0.00', '0.00', '0.00'),
(250, 19, '2017-03-31', '1100.00', NULL, '0.00', '0.00', '11000.00'),
(251, 19, '2017-04-15', '1100.00', NULL, '0.00', '0.00', '0.00'),
(252, 19, '2017-04-30', '1100.00', NULL, '0.00', '0.00', '0.00'),
(253, 19, '2017-05-15', '1100.00', NULL, '0.00', '0.00', '0.00'),
(254, 19, '2017-05-31', '1100.00', NULL, '0.00', '0.00', '0.00'),
(255, 19, '2017-06-15', '1100.00', NULL, '0.00', '0.00', '0.00'),
(256, 19, '2017-06-30', '1100.00', NULL, '0.00', '0.00', '0.00'),
(257, 19, '2017-07-15', '1100.00', NULL, '0.00', '0.00', '0.00'),
(258, 19, '2017-07-31', '1100.00', NULL, '0.00', '0.00', '0.00'),
(259, 19, '2017-08-15', '1100.00', NULL, '0.00', '0.00', '0.00'),
(260, 20, '2017-04-15', '11000.00', NULL, '0.00', '0.00', '110000.00'),
(261, 20, '2017-04-30', '11000.00', NULL, '0.00', '0.00', '0.00'),
(262, 20, '2017-05-15', '11000.00', NULL, '0.00', '0.00', '0.00'),
(263, 20, '2017-05-31', '11000.00', NULL, '0.00', '0.00', '0.00'),
(264, 20, '2017-06-15', '11000.00', NULL, '0.00', '0.00', '0.00'),
(265, 20, '2017-06-30', '11000.00', NULL, '0.00', '0.00', '0.00'),
(266, 20, '2017-07-15', '11000.00', NULL, '0.00', '0.00', '0.00'),
(267, 20, '2017-07-31', '11000.00', NULL, '0.00', '0.00', '0.00'),
(268, 20, '2017-08-15', '11000.00', NULL, '0.00', '0.00', '0.00'),
(269, 20, '2017-08-31', '11000.00', NULL, '0.00', '0.00', '0.00'),
(270, 12, '2017-03-31', '1200.00', '2017-03-31', '1200.00', '0.00', '22800.00'),
(271, 12, '2017-04-15', '1200.00', NULL, '0.00', '0.00', '0.00'),
(272, 12, '2017-04-30', '1200.00', NULL, '0.00', '0.00', '0.00'),
(273, 12, '2017-05-15', '1200.00', NULL, '0.00', '0.00', '0.00'),
(274, 12, '2017-05-31', '1200.00', NULL, '0.00', '0.00', '0.00'),
(275, 12, '2017-06-15', '1200.00', NULL, '0.00', '0.00', '0.00'),
(276, 12, '2017-06-30', '1200.00', NULL, '0.00', '0.00', '0.00'),
(277, 12, '2017-07-15', '1200.00', NULL, '0.00', '0.00', '0.00'),
(278, 12, '2017-07-31', '1200.00', NULL, '0.00', '0.00', '0.00'),
(279, 12, '2017-08-15', '1200.00', NULL, '0.00', '0.00', '0.00'),
(280, 12, '2017-08-31', '1200.00', NULL, '0.00', '0.00', '0.00'),
(281, 12, '2017-09-15', '1200.00', NULL, '0.00', '0.00', '0.00'),
(282, 12, '2017-09-30', '1200.00', NULL, '0.00', '0.00', '0.00'),
(283, 12, '2017-10-15', '1200.00', NULL, '0.00', '0.00', '0.00'),
(284, 12, '2017-10-31', '1200.00', NULL, '0.00', '0.00', '0.00'),
(285, 12, '2017-11-15', '1200.00', NULL, '0.00', '0.00', '0.00'),
(286, 12, '2017-11-30', '1200.00', NULL, '0.00', '0.00', '0.00'),
(287, 12, '2017-12-15', '1200.00', NULL, '0.00', '0.00', '0.00'),
(288, 12, '2017-12-31', '1200.00', NULL, '0.00', '0.00', '0.00'),
(289, 12, '2018-01-15', '1200.00', NULL, '0.00', '0.00', '0.00'),
(290, 18, '2017-03-31', '600.00', NULL, '0.00', '0.00', '12000.00'),
(291, 18, '2017-04-15', '600.00', NULL, '0.00', '0.00', '0.00'),
(292, 18, '2017-04-30', '600.00', NULL, '0.00', '0.00', '0.00'),
(293, 18, '2017-05-15', '600.00', NULL, '0.00', '0.00', '0.00'),
(294, 18, '2017-05-31', '600.00', NULL, '0.00', '0.00', '0.00'),
(295, 18, '2017-06-15', '600.00', NULL, '0.00', '0.00', '0.00'),
(296, 18, '2017-06-30', '600.00', NULL, '0.00', '0.00', '0.00'),
(297, 18, '2017-07-15', '600.00', NULL, '0.00', '0.00', '0.00'),
(298, 18, '2017-07-31', '600.00', NULL, '0.00', '0.00', '0.00'),
(299, 18, '2017-08-15', '600.00', NULL, '0.00', '0.00', '0.00'),
(300, 18, '2017-08-31', '600.00', NULL, '0.00', '0.00', '0.00'),
(301, 18, '2017-09-15', '600.00', NULL, '0.00', '0.00', '0.00'),
(302, 18, '2017-09-30', '600.00', NULL, '0.00', '0.00', '0.00'),
(303, 18, '2017-10-15', '600.00', NULL, '0.00', '0.00', '0.00'),
(304, 18, '2017-10-31', '600.00', NULL, '0.00', '0.00', '0.00'),
(305, 18, '2017-11-15', '600.00', NULL, '0.00', '0.00', '0.00'),
(306, 18, '2017-11-30', '600.00', NULL, '0.00', '0.00', '0.00'),
(307, 18, '2017-12-15', '600.00', NULL, '0.00', '0.00', '0.00'),
(308, 18, '2017-12-31', '600.00', NULL, '0.00', '0.00', '0.00'),
(309, 18, '2018-01-15', '600.00', NULL, '0.00', '0.00', '0.00'),
(310, 17, '2017-03-31', '1100.00', NULL, '0.00', '0.00', '11000.00'),
(311, 17, '2017-04-15', '1100.00', NULL, '0.00', '0.00', '0.00'),
(312, 17, '2017-04-30', '1100.00', NULL, '0.00', '0.00', '0.00'),
(313, 17, '2017-05-15', '1100.00', NULL, '0.00', '0.00', '0.00'),
(314, 17, '2017-05-31', '1100.00', NULL, '0.00', '0.00', '0.00'),
(315, 17, '2017-06-15', '1100.00', NULL, '0.00', '0.00', '0.00'),
(316, 17, '2017-06-30', '1100.00', NULL, '0.00', '0.00', '0.00'),
(317, 17, '2017-07-15', '1100.00', NULL, '0.00', '0.00', '0.00'),
(318, 17, '2017-07-31', '1100.00', NULL, '0.00', '0.00', '0.00'),
(319, 17, '2017-08-15', '1100.00', NULL, '0.00', '0.00', '0.00'),
(320, 16, '2017-04-15', '1100.00', NULL, '0.00', '0.00', '11000.00'),
(321, 16, '2017-04-30', '1100.00', NULL, '0.00', '0.00', '0.00'),
(322, 16, '2017-05-15', '1100.00', NULL, '0.00', '0.00', '0.00'),
(323, 16, '2017-05-31', '1100.00', NULL, '0.00', '0.00', '0.00'),
(324, 16, '2017-06-15', '1100.00', NULL, '0.00', '0.00', '0.00'),
(325, 16, '2017-06-30', '1100.00', NULL, '0.00', '0.00', '0.00'),
(326, 16, '2017-07-15', '1100.00', NULL, '0.00', '0.00', '0.00'),
(327, 16, '2017-07-31', '1100.00', NULL, '0.00', '0.00', '0.00'),
(328, 16, '2017-08-15', '1100.00', NULL, '0.00', '0.00', '0.00'),
(329, 16, '2017-08-31', '1100.00', NULL, '0.00', '0.00', '0.00'),
(330, 15, '2017-04-15', '1500.00', NULL, '0.00', '0.00', '30000.00'),
(331, 15, '2017-04-30', '1500.00', NULL, '0.00', '0.00', '0.00'),
(332, 15, '2017-05-15', '1500.00', NULL, '0.00', '0.00', '0.00'),
(333, 15, '2017-05-31', '1500.00', NULL, '0.00', '0.00', '0.00'),
(334, 15, '2017-06-15', '1500.00', NULL, '0.00', '0.00', '0.00'),
(335, 15, '2017-06-30', '1500.00', NULL, '0.00', '0.00', '0.00'),
(336, 15, '2017-07-15', '1500.00', NULL, '0.00', '0.00', '0.00'),
(337, 15, '2017-07-31', '1500.00', NULL, '0.00', '0.00', '0.00'),
(338, 15, '2017-08-15', '1500.00', NULL, '0.00', '0.00', '0.00'),
(339, 15, '2017-08-31', '1500.00', NULL, '0.00', '0.00', '0.00'),
(340, 15, '2017-09-15', '1500.00', NULL, '0.00', '0.00', '0.00'),
(341, 15, '2017-09-30', '1500.00', NULL, '0.00', '0.00', '0.00'),
(342, 15, '2017-10-15', '1500.00', NULL, '0.00', '0.00', '0.00'),
(343, 15, '2017-10-31', '1500.00', NULL, '0.00', '0.00', '0.00'),
(344, 15, '2017-11-15', '1500.00', NULL, '0.00', '0.00', '0.00'),
(345, 15, '2017-11-30', '1500.00', NULL, '0.00', '0.00', '0.00'),
(346, 15, '2017-12-15', '1500.00', NULL, '0.00', '0.00', '0.00'),
(347, 15, '2017-12-31', '1500.00', NULL, '0.00', '0.00', '0.00'),
(348, 15, '2018-01-15', '1500.00', NULL, '0.00', '0.00', '0.00'),
(349, 15, '2018-01-31', '1500.00', NULL, '0.00', '0.00', '0.00'),
(350, 14, '2017-04-15', '1100.00', NULL, '0.00', '0.00', '11000.00'),
(351, 14, '2017-04-30', '1100.00', NULL, '0.00', '0.00', '0.00'),
(352, 14, '2017-05-15', '1100.00', NULL, '0.00', '0.00', '0.00'),
(353, 14, '2017-05-31', '1100.00', NULL, '0.00', '0.00', '0.00'),
(354, 14, '2017-06-15', '1100.00', NULL, '0.00', '0.00', '0.00'),
(355, 14, '2017-06-30', '1100.00', NULL, '0.00', '0.00', '0.00'),
(356, 14, '2017-07-15', '1100.00', NULL, '0.00', '0.00', '0.00'),
(357, 14, '2017-07-31', '1100.00', NULL, '0.00', '0.00', '0.00'),
(358, 14, '2017-08-15', '1100.00', NULL, '0.00', '0.00', '0.00'),
(359, 14, '2017-08-31', '1100.00', NULL, '0.00', '0.00', '0.00'),
(360, 10, '2017-04-15', '1250.00', NULL, '0.00', '0.00', '12500.00'),
(361, 10, '2017-04-30', '1250.00', NULL, '0.00', '0.00', '0.00'),
(362, 10, '2017-05-15', '1250.00', NULL, '0.00', '0.00', '0.00'),
(363, 10, '2017-05-31', '1250.00', NULL, '0.00', '0.00', '0.00'),
(364, 10, '2017-06-15', '1250.00', NULL, '0.00', '0.00', '0.00'),
(365, 10, '2017-06-30', '1250.00', NULL, '0.00', '0.00', '0.00'),
(366, 10, '2017-07-15', '1250.00', NULL, '0.00', '0.00', '0.00'),
(367, 10, '2017-07-31', '1250.00', NULL, '0.00', '0.00', '0.00'),
(368, 10, '2017-08-15', '1250.00', NULL, '0.00', '0.00', '0.00'),
(369, 10, '2017-08-31', '1250.00', NULL, '0.00', '0.00', '0.00'),
(370, 23, '2017-04-15', '1100.00', '2017-04-15', '1000.00', '100.00', '10000.00'),
(371, 23, '2017-04-30', '1202.00', NULL, '0.00', '0.00', '10002.00'),
(372, 23, '2017-05-15', '1100.00', NULL, '0.00', '0.00', '0.00'),
(373, 23, '2017-05-31', '1100.00', NULL, '0.00', '0.00', '0.00'),
(374, 23, '2017-06-15', '1100.00', NULL, '0.00', '0.00', '0.00'),
(375, 23, '2017-06-30', '1100.00', NULL, '0.00', '0.00', '0.00'),
(376, 23, '2017-07-15', '1100.00', NULL, '0.00', '0.00', '0.00'),
(377, 23, '2017-07-31', '1100.00', NULL, '0.00', '0.00', '0.00'),
(378, 23, '2017-08-15', '1100.00', NULL, '0.00', '0.00', '0.00'),
(379, 23, '2017-08-31', '1100.00', NULL, '0.00', '0.00', '0.00'),
(380, 11, '2017-04-15', '1250.00', NULL, '0.00', '0.00', '12500.00'),
(381, 11, '2017-04-30', '1250.00', NULL, '0.00', '0.00', '0.00'),
(382, 11, '2017-05-15', '1250.00', NULL, '0.00', '0.00', '0.00'),
(383, 11, '2017-05-31', '1250.00', NULL, '0.00', '0.00', '0.00'),
(384, 11, '2017-06-15', '1250.00', NULL, '0.00', '0.00', '0.00'),
(385, 11, '2017-06-30', '1250.00', NULL, '0.00', '0.00', '0.00'),
(386, 11, '2017-07-15', '1250.00', NULL, '0.00', '0.00', '0.00'),
(387, 11, '2017-07-31', '1250.00', NULL, '0.00', '0.00', '0.00'),
(388, 11, '2017-08-15', '1250.00', NULL, '0.00', '0.00', '0.00'),
(389, 11, '2017-08-31', '1250.00', NULL, '0.00', '0.00', '0.00');

-- --------------------------------------------------------

--
-- Table structure for table `penalties`
--

CREATE TABLE `penalties` (
  `id` int(11) NOT NULL,
  `payments_id` int(11) NOT NULL,
  `date` date NOT NULL,
  `description` varchar(100) NOT NULL DEFAULT ' ',
  `amount` decimal(10,2) NOT NULL DEFAULT '0.00'
) ENGINE=InnoDB DEFAULT CHARSET=latin1;

--
-- Dumping data for table `penalties`
--

INSERT INTO `penalties` (`id`, `payments_id`, `date`, `description`, `amount`) VALUES
(1, 166, '2017-03-31', '', '2.00'),
(2, 371, '2017-04-15', '', '2.00');

-- --------------------------------------------------------

--
-- Table structure for table `percentages`
--

CREATE TABLE `percentages` (
  `id` int(11) NOT NULL,
  `subject` varchar(100) NOT NULL,
  `percentage` decimal(10,2) NOT NULL,
  `effectivities_id` int(11) NOT NULL
) ENGINE=InnoDB DEFAULT CHARSET=latin1;

-- --------------------------------------------------------

--
-- Table structure for table `returns`
--

CREATE TABLE `returns` (
  `id` int(11) NOT NULL,
  `loans_id` int(11) NOT NULL,
  `payments_id` int(11) NOT NULL,
  `investors_id` int(11) NOT NULL,
  `transactions_id` int(11) NOT NULL,
  `returns` decimal(10,2) NOT NULL,
  `percentage` decimal(10,2) NOT NULL,
  `operation_fund` decimal(10,2) NOT NULL COMMENT '10% per transactions'
) ENGINE=InnoDB DEFAULT CHARSET=latin1;

--
-- Dumping data for table `returns`
--

INSERT INTO `returns` (`id`, `loans_id`, `payments_id`, `investors_id`, `transactions_id`, `returns`, `percentage`, `operation_fund`) VALUES
(1, 2, 14, 1, 1, '2250.00', '1.00', '250.00'),
(2, 2, 15, 1, 1, '2250.00', '1.00', '250.00'),
(3, 1, 2, 1, 1, '90.00', '1.00', '10.00'),
(4, 2, 16, 1, 4, '1416.67', '0.67', '250.00'),
(5, 2, 16, 1, 1, '583.33', '0.33', '250.00'),
(6, 2, 17, 1, 10, '27.78', '0.11', '250.00'),
(7, 2, 17, 1, 9, '27.78', '0.11', '250.00'),
(8, 2, 17, 1, 8, '27.78', '0.11', '250.00'),
(9, 2, 17, 1, 7, '27.78', '0.11', '250.00'),
(10, 2, 17, 1, 6, '27.78', '0.11', '250.00'),
(11, 2, 17, 1, 5, '27.78', '0.11', '250.00'),
(12, 2, 17, 1, 4, '305.56', '0.22', '250.00'),
(13, 2, 17, 1, 1, '27.78', '0.11', '250.00'),
(14, 3, 33, 1, 10, '2.78', '0.11', '25.00'),
(15, 3, 33, 1, 9, '2.78', '0.11', '25.00'),
(16, 3, 33, 1, 8, '2.78', '0.11', '25.00'),
(17, 3, 33, 1, 7, '2.78', '0.11', '25.00'),
(18, 3, 33, 1, 6, '2.78', '0.11', '25.00'),
(19, 3, 33, 1, 5, '2.78', '0.11', '25.00'),
(20, 3, 33, 1, 4, '30.56', '0.22', '25.00'),
(21, 3, 33, 1, 1, '2.78', '0.11', '25.00'),
(22, 3, 34, 1, 10, '2.78', '0.11', '25.00'),
(23, 3, 34, 1, 9, '2.78', '0.11', '25.00'),
(24, 3, 34, 1, 8, '2.78', '0.11', '25.00'),
(25, 3, 34, 1, 7, '2.78', '0.11', '25.00'),
(26, 3, 34, 1, 6, '2.78', '0.11', '25.00'),
(27, 3, 34, 1, 5, '2.78', '0.11', '25.00'),
(28, 3, 34, 1, 4, '30.56', '0.22', '25.00'),
(29, 3, 34, 1, 1, '2.78', '0.11', '25.00'),
(30, 1, 3, 1, 10, '1.11', '0.11', '10.00'),
(31, 1, 3, 1, 9, '1.11', '0.11', '10.00'),
(32, 1, 3, 1, 8, '1.11', '0.11', '10.00'),
(33, 1, 3, 1, 7, '1.11', '0.11', '10.00'),
(34, 1, 3, 1, 6, '1.11', '0.11', '10.00'),
(35, 1, 3, 1, 5, '1.11', '0.11', '10.00'),
(36, 1, 3, 1, 4, '12.22', '0.22', '10.00'),
(37, 1, 3, 1, 1, '1.11', '0.11', '10.00'),
(46, 5, 135, 1, 10, '25.00', '0.11', '225.00'),
(47, 5, 135, 1, 9, '25.00', '0.11', '225.00'),
(48, 5, 135, 1, 8, '25.00', '0.11', '225.00'),
(49, 5, 135, 1, 7, '25.00', '0.11', '225.00'),
(50, 5, 135, 1, 6, '25.00', '0.11', '225.00'),
(51, 5, 135, 1, 5, '25.00', '0.11', '225.00'),
(52, 5, 135, 1, 4, '275.00', '0.22', '225.00'),
(53, 5, 135, 1, 1, '25.00', '0.11', '225.00'),
(54, 7, 164, 1, 10, '1.11', '0.11', '10.00'),
(55, 7, 164, 1, 9, '1.11', '0.11', '10.00'),
(56, 7, 164, 1, 8, '1.11', '0.11', '10.00'),
(57, 7, 164, 1, 7, '1.11', '0.11', '10.00'),
(58, 7, 164, 1, 6, '1.11', '0.11', '10.00'),
(59, 7, 164, 1, 5, '1.11', '0.11', '10.00'),
(60, 7, 164, 1, 4, '12.22', '0.22', '10.00'),
(61, 7, 164, 1, 1, '1.11', '0.11', '10.00'),
(62, 6, 160, 1, 10, '0.33', '0.11', '3.00'),
(63, 6, 160, 1, 9, '0.33', '0.11', '3.00'),
(64, 6, 160, 1, 8, '0.33', '0.11', '3.00'),
(65, 6, 160, 1, 7, '0.33', '0.11', '3.00'),
(66, 6, 160, 1, 6, '0.33', '0.11', '3.00'),
(67, 6, 160, 1, 5, '0.33', '0.11', '3.00'),
(68, 6, 160, 1, 4, '3.67', '0.22', '3.00'),
(69, 6, 160, 1, 1, '0.33', '0.11', '3.00'),
(70, 7, 165, 1, 10, '4.29', '0.14', '10.00'),
(71, 7, 165, 1, 9, '4.29', '0.14', '10.00'),
(72, 7, 165, 1, 8, '4.29', '0.14', '10.00'),
(73, 7, 165, 1, 7, '4.29', '0.14', '10.00'),
(74, 7, 165, 1, 6, '4.29', '0.14', '10.00'),
(75, 7, 165, 1, 5, '4.29', '0.14', '10.00'),
(76, 7, 165, 1, 1, '4.29', '0.14', '10.00'),
(77, 8, 184, 1, 10, '4.29', '0.14', '10.00'),
(78, 8, 184, 1, 9, '4.29', '0.14', '10.00'),
(79, 8, 184, 1, 8, '4.29', '0.14', '10.00'),
(80, 8, 184, 1, 7, '4.29', '0.14', '10.00'),
(81, 8, 184, 1, 6, '4.29', '0.14', '10.00'),
(82, 8, 184, 1, 5, '4.29', '0.14', '10.00'),
(83, 8, 184, 1, 1, '4.29', '0.14', '10.00'),
(84, 12, 270, 1, 10, '8.57', '0.14', '20.00'),
(85, 12, 270, 1, 9, '8.57', '0.14', '20.00'),
(86, 12, 270, 1, 8, '8.57', '0.14', '20.00'),
(87, 12, 270, 1, 7, '8.57', '0.14', '20.00'),
(88, 12, 270, 1, 6, '8.57', '0.14', '20.00'),
(89, 12, 270, 1, 5, '8.57', '0.14', '20.00'),
(90, 12, 270, 1, 1, '8.57', '0.14', '20.00'),
(91, 23, 370, 1, 10, '4.29', '0.14', '10.00'),
(92, 23, 370, 1, 9, '4.29', '0.14', '10.00'),
(93, 23, 370, 1, 8, '4.29', '0.14', '10.00'),
(94, 23, 370, 1, 7, '4.29', '0.14', '10.00'),
(95, 23, 370, 1, 6, '4.29', '0.14', '10.00'),
(96, 23, 370, 1, 5, '4.29', '0.14', '10.00'),
(97, 23, 370, 1, 1, '4.29', '0.14', '10.00');

-- --------------------------------------------------------

--
-- Table structure for table `transactions`
--

CREATE TABLE `transactions` (
  `id` int(11) NOT NULL,
  `transaction_id` varchar(10) NOT NULL,
  `investor_id` int(11) NOT NULL,
  `date_of_transaction` date NOT NULL,
  `amount_transaction` decimal(10,2) NOT NULL,
  `type_transaction` varchar(2) NOT NULL
) ENGINE=InnoDB DEFAULT CHARSET=latin1;

--
-- Dumping data for table `transactions`
--

INSERT INTO `transactions` (`id`, `transaction_id`, `investor_id`, `date_of_transaction`, `amount_transaction`, `type_transaction`) VALUES
(1, '17-1-0001', 1, '2017-03-05', '1000000.00', 'I'),
(5, '17-1-0005', 1, '2017-03-05', '1000000.00', 'I'),
(6, '17-1-0006', 1, '2017-03-05', '1000000.00', 'I'),
(7, '17-1-0007', 1, '2017-03-05', '1000000.00', 'I'),
(8, '17-1-0008', 1, '2017-03-05', '1000000.00', 'I'),
(9, '17-1-0009', 1, '2017-03-05', '1000000.00', 'I'),
(10, '17-1-0010', 1, '2017-03-05', '1000000.00', 'I');

--
-- Indexes for dumped tables
--

--
-- Indexes for table `accounts`
--
ALTER TABLE `accounts`
  ADD PRIMARY KEY (`id`);

--
-- Indexes for table `customers`
--
ALTER TABLE `customers`
  ADD PRIMARY KEY (`id`);

--
-- Indexes for table `effectivities`
--
ALTER TABLE `effectivities`
  ADD PRIMARY KEY (`id`);

--
-- Indexes for table `investors`
--
ALTER TABLE `investors`
  ADD PRIMARY KEY (`id`);

--
-- Indexes for table `loans`
--
ALTER TABLE `loans`
  ADD PRIMARY KEY (`id`);

--
-- Indexes for table `payments`
--
ALTER TABLE `payments`
  ADD PRIMARY KEY (`id`);

--
-- Indexes for table `penalties`
--
ALTER TABLE `penalties`
  ADD PRIMARY KEY (`id`);

--
-- Indexes for table `percentages`
--
ALTER TABLE `percentages`
  ADD PRIMARY KEY (`id`);

--
-- Indexes for table `returns`
--
ALTER TABLE `returns`
  ADD PRIMARY KEY (`id`);

--
-- Indexes for table `transactions`
--
ALTER TABLE `transactions`
  ADD PRIMARY KEY (`id`);

--
-- AUTO_INCREMENT for dumped tables
--

--
-- AUTO_INCREMENT for table `accounts`
--
ALTER TABLE `accounts`
  MODIFY `id` int(11) NOT NULL AUTO_INCREMENT, AUTO_INCREMENT=3;
--
-- AUTO_INCREMENT for table `customers`
--
ALTER TABLE `customers`
  MODIFY `id` int(11) NOT NULL AUTO_INCREMENT, AUTO_INCREMENT=3;
--
-- AUTO_INCREMENT for table `effectivities`
--
ALTER TABLE `effectivities`
  MODIFY `id` int(11) NOT NULL AUTO_INCREMENT;
--
-- AUTO_INCREMENT for table `investors`
--
ALTER TABLE `investors`
  MODIFY `id` int(11) NOT NULL AUTO_INCREMENT, AUTO_INCREMENT=2;
--
-- AUTO_INCREMENT for table `loans`
--
ALTER TABLE `loans`
  MODIFY `id` int(11) NOT NULL AUTO_INCREMENT, AUTO_INCREMENT=24;
--
-- AUTO_INCREMENT for table `payments`
--
ALTER TABLE `payments`
  MODIFY `id` int(11) NOT NULL AUTO_INCREMENT, AUTO_INCREMENT=390;
--
-- AUTO_INCREMENT for table `penalties`
--
ALTER TABLE `penalties`
  MODIFY `id` int(11) NOT NULL AUTO_INCREMENT, AUTO_INCREMENT=3;
--
-- AUTO_INCREMENT for table `percentages`
--
ALTER TABLE `percentages`
  MODIFY `id` int(11) NOT NULL AUTO_INCREMENT;
--
-- AUTO_INCREMENT for table `returns`
--
ALTER TABLE `returns`
  MODIFY `id` int(11) NOT NULL AUTO_INCREMENT, AUTO_INCREMENT=98;
--
-- AUTO_INCREMENT for table `transactions`
--
ALTER TABLE `transactions`
  MODIFY `id` int(11) NOT NULL AUTO_INCREMENT, AUTO_INCREMENT=11;
/*!40101 SET CHARACTER_SET_CLIENT=@OLD_CHARACTER_SET_CLIENT */;
/*!40101 SET CHARACTER_SET_RESULTS=@OLD_CHARACTER_SET_RESULTS */;
/*!40101 SET COLLATION_CONNECTION=@OLD_COLLATION_CONNECTION */;
