-- phpMyAdmin SQL Dump
-- version 4.6.5.2
-- https://www.phpmyadmin.net/
--
-- Host: 127.0.0.1
-- Generation Time: Mar 04, 2017 at 03:12 PM
-- Server version: 10.1.13-MariaDB
-- PHP Version: 5.6.30

SET SQL_MODE = "NO_AUTO_VALUE_ON_ZERO";
SET time_zone = "+00:00";


/*!40101 SET @OLD_CHARACTER_SET_CLIENT=@@CHARACTER_SET_CLIENT */;
/*!40101 SET @OLD_CHARACTER_SET_RESULTS=@@CHARACTER_SET_RESULTS */;
/*!40101 SET @OLD_COLLATION_CONNECTION=@@COLLATION_CONNECTION */;
/*!40101 SET NAMES utf8mb4 */;

--
-- Database: `assistone`
--

-- --------------------------------------------------------

--
-- Table structure for table `accounts`
--

CREATE TABLE `accounts` (
  `id` int(11) NOT NULL,
  `username` varchar(45) NOT NULL,
  `password` varchar(45) NOT NULL,
  `fullname` varchar(45) NOT NULL,
  `display_picture` varchar(45) DEFAULT 'img.jpg'
) ENGINE=InnoDB DEFAULT CHARSET=latin1;

--
-- Dumping data for table `accounts`
--

INSERT INTO `accounts` (`id`, `username`, `password`, `fullname`, `display_picture`) VALUES
(1, 'HCB', '46f94c8de14fb36680850768ff1b7f2a', 'Harris Baldon', 'fb19cef5cfa396de34060134d70fdb9f.jpg'),
(2, 'remoh111', 'a8f5f167f44f4964e6c998dee827110c', 'Homer Baldon', '0c07a9faa07c52df2d839c96c72e69b3.jpg');

-- --------------------------------------------------------

--
-- Table structure for table `customers`
--

CREATE TABLE `customers` (
  `id` int(11) NOT NULL,
  `customer_id` varchar(10) DEFAULT NULL,
  `firstname` varchar(45) NOT NULL,
  `middlename` varchar(45) DEFAULT NULL,
  `lastname` varchar(45) NOT NULL,
  `mobilenumber` varchar(45) NOT NULL,
  `address` varchar(45) NOT NULL,
  `registered` timestamp NOT NULL DEFAULT CURRENT_TIMESTAMP,
  `guarantor_customers_id` int(11) DEFAULT NULL,
  `deleted_at` timestamp NULL DEFAULT NULL,
  `display_picture` varchar(45) DEFAULT 'img.jpg',
  `complete_name` varchar(50) DEFAULT NULL
) ENGINE=InnoDB DEFAULT CHARSET=latin1;

--
-- Dumping data for table `customers`
--

INSERT INTO `customers` (`id`, `customer_id`, `firstname`, `middlename`, `lastname`, `mobilenumber`, `address`, `registered`, `guarantor_customers_id`, `deleted_at`, `display_picture`, `complete_name`) VALUES
(1, '16-0001', 'Harris', 'Cabacog', 'Baldon', '0922 834 9101', 'Bunga Mar, Jagna, Bohol', '2016-05-21 16:17:31', 0, '2016-05-22 02:08:46', '8c73e79f7447f3364c6b9a49b496bb05.gif', '16-0001 | Harris Cabacog Baldon'),
(2, '16-0002', 'Almira', 'Heredia', 'Pelingon', '0922 222 2222', 'Nasipit, Talamban, Cebu City, Cebu', '2016-05-22 02:10:56', 0, '2016-05-23 05:30:37', '35627d6690438927cd3fd89378af3641.jpg', '16-0002 | Almira Heredia Pelingon'),
(3, '16-0003', 'Myrna', 'None', 'Pao', '9999 999 9999', 'None', '2016-05-23 05:31:17', 0, NULL, NULL, '16-0003 | Myrna None Pao'),
(4, '16-0004', 'Raineria', 'Cabacog', 'Salabsab', '9999 999 9999', 'Bunga Mar, Jagna, Bohol', '2016-05-23 05:31:45', 0, NULL, NULL, '16-0004 | Raineria Cabacog Salabsab'),
(5, '16-0005', 'Maria', 'None', 'Sajul', '9999 999 9999', 'None', '2016-05-23 05:32:19', 0, NULL, NULL, '16-0005 | Maria None Sajul'),
(6, '16-0006', 'Yolly', 'None', 'Estapia', '9999 999 9999', 'Bunga Mar, Jagna, Bohol', '2016-05-23 05:33:50', 0, NULL, NULL, '16-0006 | Yolly None Estapia'),
(7, '16-0007', 'Haydee/G', 'None', 'Baldon', '9999 999 9999', 'Bunga Mar, Jagna, Bohol', '2016-05-23 05:34:12', 0, NULL, NULL, '16-0007 | Haydee/G None Baldon'),
(8, '16-0008', 'Chocho', 'None', 'Nalasa', '9999 999 9999', 'Bunga Mar, Jagna, Bohol', '2016-05-23 05:34:30', 0, '2016-05-23 14:01:23', NULL, '16-0008 | Chocho None Nalasa'),
(9, '16-0009', 'Haydee/Dakki', 'None', 'Baldon', '9999 999 9999', 'Bunga Mar, Jagna, Bohol', '2016-05-23 05:34:49', 0, NULL, NULL, '16-0009 | Haydee/Dakki None Baldon'),
(10, '16-0010', 'Aning', 'Cabacog', 'Dabatos', '9999 999 9999', 'Bunga Mar, Jagna, Bohol', '2016-05-23 05:35:05', 0, NULL, NULL, '16-0010 | Aning Cabacog Dabatos'),
(11, '16-0011', 'Jongoy', 'None', 'Tan', '9999 999 9999', 'Canjulao, Jagna, Bohol', '2016-05-23 05:35:32', 0, NULL, NULL, '16-0011 | Jongoy None Tan'),
(12, '16-0012', 'Wilfredo', 'None', 'Matunhay', '9999 999 9999', 'None', '2016-05-23 05:35:57', 0, NULL, '12a36f8b1d769b76c8ebfada89199518.jpg', '16-0012 | Wilfredo None Matunhay'),
(13, '16-0013', 'Carlos', 'None', 'Galamiton', '9999 999 9999', 'Bunga Mar, Jagna, Bohol', '2016-05-23 05:36:13', 0, NULL, NULL, '16-0013 | Carlos None Galamiton'),
(14, '16-0014', 'Fe / Bugoy', 'None', 'Abe-abe', '9999 999 9999', 'Bunga Mar, Jagna, Bohol', '2016-05-23 05:36:33', 0, NULL, NULL, '16-0014 | Fe / Bugoy None Abe-abe'),
(15, '16-0015', 'Necy', 'Cabacog', 'Galia', '9999 999 9999', 'Tubod Monte, Jagna, Bohol', '2016-05-23 05:36:53', 0, '2016-05-23 13:57:26', NULL, '16-0015 | Necy Cabacog Galia'),
(16, '16-0016', 'Graymon', 'None', 'None', '9999 999 9999', 'Pangdan, Jagna, Bohol', '2016-05-23 05:37:12', 0, NULL, NULL, '16-0016 | Graymon None None'),
(17, '16-0017', 'Exal / Tata', 'None', 'Acha', '9999 999 9999', 'None', '2016-05-23 05:37:49', 0, NULL, NULL, '16-0017 | Exal / Tata None Acha'),
(18, '16-0018', 'Arlyn / Grace', 'None', 'Abrau', '9999 999 9999', 'None', '2016-05-23 05:38:16', 0, NULL, NULL, '16-0018 | Arlyn / Grace None Abrau'),
(19, '16-0019', 'Arlyn / Grace Arban', 'None', 'Lloa', '9999 999 9999', 'None', '2016-05-23 05:38:48', 0, NULL, NULL, '16-0019 | Arlyn / Grace Arban None Lloa'),
(20, '16-0020', 'Sheryl', 'Salazar', 'Dalmacio', '9999 999 9999', 'Digos, Davao Del Sur', '2016-05-23 05:39:10', 0, NULL, NULL, '16-0020 | Sheryl Salazar Dalmacio'),
(21, '16-0021', 'Betsy / Flor', 'None', 'None', '9999 999 9999', 'None', '2016-05-23 05:39:25', 0, '2016-05-23 14:01:20', NULL, '16-0021 | Betsy / Flor None None'),
(22, '16-0022', 'William / Mayor', 'None', 'None', '9999 999 9999', 'None', '2016-05-23 05:39:42', 0, NULL, NULL, '16-0022 | William / Mayor None None'),
(23, '16-0023', 'Jovy', 'None', 'None', '9999 999 9999', 'None', '2016-05-23 05:40:02', 0, NULL, NULL, '16-0023 | Jovy None None'),
(24, '16-0024', 'Fe / Flo', 'None', 'None', '9999 999 9999', 'Digos, Davao Del Sur', '2016-05-23 05:40:19', 0, NULL, NULL, '16-0024 | Fe / Flo None None'),
(25, '16-0025', 'Tata', 'None', 'Acha', '9999 999 9999', 'None', '2016-05-23 05:40:36', 0, '2016-06-26 13:03:42', NULL, '16-0025 | Tata None Acha'),
(26, '16-0026', 'Graziella', 'Salazar', 'Lingo', '0910 533 4901', 'Digos, Davao Del Sur', '2016-05-23 05:41:06', 0, '2016-06-26 11:42:09', NULL, '16-0026 | Graziella Salazar Lingo'),
(27, '16-0027', 'Wilfredo', 'None', 'Matunhay', '1234 567 8900', 'None', '2016-07-01 12:30:42', 3, NULL, 'img.jpg', '16-0027 | Wilfredo None Matunhay'),
(28, '16-0028', 'Popoy', 'One', 'Basha', '1111 111 1111', 'None', '2016-07-01 12:37:45', 0, NULL, 'img.jpg', '16-0028 | Popoy One Basha'),
(29, '16-0029', 'Xcvxcvxcv', 'Xcvxcvxcv', 'Xcvxcvxcv', '1111 111 1111', 'Sdfsdfsdfs', '2016-07-01 12:50:16', 6, '2016-10-21 02:29:16', 'img.jpg', '16-0029 | Xcvxcvxcv Xcvxcvxcv Xcvxcvxcv');

-- --------------------------------------------------------

--
-- Table structure for table `investors`
--

CREATE TABLE `investors` (
  `id` int(11) NOT NULL,
  `investor_id` varchar(10) DEFAULT NULL,
  `firstname` varchar(45) NOT NULL,
  `middlename` varchar(45) DEFAULT NULL,
  `lastname` varchar(45) NOT NULL,
  `mobilenumber` varchar(45) NOT NULL,
  `address` varchar(45) NOT NULL,
  `registered` timestamp NOT NULL DEFAULT CURRENT_TIMESTAMP,
  `deleted_at` timestamp NULL DEFAULT NULL,
  `display_picture` varchar(50) NOT NULL DEFAULT 'img.jpg',
  `complete_name` varchar(50) NOT NULL
) ENGINE=InnoDB DEFAULT CHARSET=latin1;

--
-- Dumping data for table `investors`
--

INSERT INTO `investors` (`id`, `investor_id`, `firstname`, `middlename`, `lastname`, `mobilenumber`, `address`, `registered`, `deleted_at`, `display_picture`, `complete_name`) VALUES
(1, '17-0001', 'Harris', 'Cabacog', 'Baldon', '0111 111 1111', 'Secret', '2017-02-26 05:16:48', NULL, 'img.jpg', '17-0001 | Harris Cabacog Baldon'),
(2, '17-0002', 'Haydee', 'Cabacog', 'Baldon', '1111 111 1111', 'Secret', '2017-02-26 05:17:03', NULL, 'img.jpg', '17-0002 | Haydee Cabacog Baldon'),
(3, '17-0003', 'Homer', 'Cabacog', 'Baldon', '1111 111 1111', 'Secret', '2017-02-26 05:17:20', NULL, 'img.jpg', '17-0003 | Homer Cabacog Baldon');

-- --------------------------------------------------------

--
-- Table structure for table `loans`
--

CREATE TABLE `loans` (
  `id` int(11) NOT NULL,
  `customer_id` int(11) NOT NULL,
  `loan_id` varchar(10) NOT NULL,
  `date_of_application` date DEFAULT NULL,
  `date_of_release` date DEFAULT NULL,
  `amount_loan` decimal(10,2) NOT NULL,
  `interest_rate` decimal(10,2) NOT NULL,
  `number_of_terms` int(11) NOT NULL,
  `total_interest_amount` decimal(10,2) NOT NULL,
  `balance` decimal(10,2) NOT NULL
) ENGINE=InnoDB DEFAULT CHARSET=latin1;

--
-- Dumping data for table `loans`
--

INSERT INTO `loans` (`id`, `customer_id`, `loan_id`, `date_of_application`, `date_of_release`, `amount_loan`, `interest_rate`, `number_of_terms`, `total_interest_amount`, `balance`) VALUES
(1, 28, '17-28-0001', '2017-02-28', '2017-02-28', '1000.00', '2.00', 6, '60.00', '-177.00'),
(2, 28, '17-28-0002', '2017-03-04', '2017-03-04', '3000.00', '2.00', 4, '120.00', '780.00'),
(3, 27, '17-27-0003', '2017-03-04', '2017-03-04', '1000.00', '2.00', 10, '100.00', '-110.00'),
(4, 24, '17-24-0004', '2017-03-04', '2017-03-04', '100000.00', '2.00', 24, '24000.00', '124000.00'),
(5, 28, '17-28-0005', '2017-03-04', '2017-03-04', '1000.00', '2.00', 6, '60.00', '0.00'),
(6, 28, '17-28-0006', '2017-03-04', '2017-03-04', '100000.00', '5.00', 24, '60000.00', '153333.00'),
(7, 28, '17-28-0007', '2017-03-04', '2017-03-04', '10000.00', '5.00', 20, '5000.00', '14250.00'),
(8, 28, '17-28-0008', '2017-03-04', '2017-03-04', '10000.00', '5.00', 20, '5000.00', '5992.50'),
(9, 28, '17-28-0009', '2017-03-04', '2017-03-04', '10000.00', '5.00', 20, '5000.00', '0.00'),
(10, 2, '17-2-0010', '2017-03-04', '2017-03-04', '8000.00', '2.00', 12, '960.00', '8960.00'),
(11, 2, '17-2-0011', '2017-03-04', '2017-02-19', '8000.00', '2.00', 12, '960.00', '7466.00'),
(12, 3, '17-3-0012', '2017-03-04', '2017-03-04', '200000.00', '1.00', 20, '20000.00', '0.00');

-- --------------------------------------------------------

--
-- Table structure for table `payments`
--

CREATE TABLE `payments` (
  `id` int(11) NOT NULL,
  `loans_id` int(11) NOT NULL,
  `due_date` date NOT NULL,
  `due_amount` decimal(10,2) NOT NULL,
  `actual_paid_date` date DEFAULT NULL,
  `amount_paid` decimal(10,2) NOT NULL DEFAULT '0.00',
  `payment_balance` decimal(10,2) NOT NULL DEFAULT '0.00',
  `running_balance` decimal(10,2) NOT NULL DEFAULT '0.00'
) ENGINE=InnoDB DEFAULT CHARSET=latin1;

--
-- Dumping data for table `payments`
--

INSERT INTO `payments` (`id`, `loans_id`, `due_date`, `due_amount`, `actual_paid_date`, `amount_paid`, `payment_balance`, `running_balance`) VALUES
(1, 1, '2017-03-15', '177.00', '2017-03-15', '177.00', '0.00', '883.00'),
(2, 1, '2017-03-31', '177.00', '2017-04-05', '177.00', '0.00', '-177.00'),
(3, 1, '2017-04-15', '177.00', '2017-04-15', '177.00', '0.00', '-177.00'),
(4, 1, '2017-04-30', '177.00', '2017-04-30', '177.00', '0.00', '-177.00'),
(5, 1, '2017-05-15', '177.00', '2017-05-15', '177.00', '0.00', '-177.00'),
(6, 1, '2017-05-31', '175.00', NULL, '0.00', '0.00', '0.00'),
(7, 2, '2017-03-15', '780.00', '2017-03-15', '780.00', '0.00', '2340.00'),
(8, 2, '2017-03-31', '780.00', '2017-04-15', '780.00', '0.00', '780.00'),
(9, 2, '2017-04-15', '780.00', NULL, '0.00', '0.00', '0.00'),
(10, 2, '2017-04-30', '780.00', NULL, '0.00', '0.00', '0.00'),
(11, 3, '2017-03-15', '110.00', '2017-03-15', '110.00', '0.00', '990.00'),
(12, 3, '2017-03-31', '110.00', '2017-03-31', '110.00', '0.00', '-110.00'),
(13, 3, '2017-04-15', '110.00', NULL, '0.00', '0.00', '0.00'),
(14, 3, '2017-04-30', '110.00', NULL, '0.00', '0.00', '0.00'),
(15, 3, '2017-05-15', '110.00', NULL, '0.00', '0.00', '0.00'),
(16, 3, '2017-05-31', '110.00', NULL, '0.00', '0.00', '0.00'),
(17, 3, '2017-06-15', '110.00', NULL, '0.00', '0.00', '0.00'),
(18, 3, '2017-06-30', '110.00', NULL, '0.00', '0.00', '0.00'),
(19, 3, '2017-07-15', '110.00', NULL, '0.00', '0.00', '0.00'),
(20, 3, '2017-07-31', '110.00', NULL, '0.00', '0.00', '0.00'),
(21, 4, '2017-03-15', '5167.00', NULL, '0.00', '0.00', '124000.00'),
(22, 4, '2017-03-31', '5167.00', NULL, '0.00', '0.00', '0.00'),
(23, 4, '2017-04-15', '5167.00', NULL, '0.00', '0.00', '0.00'),
(24, 4, '2017-04-30', '5167.00', NULL, '0.00', '0.00', '0.00'),
(25, 4, '2017-05-15', '5167.00', NULL, '0.00', '0.00', '0.00'),
(26, 4, '2017-05-31', '5167.00', NULL, '0.00', '0.00', '0.00'),
(27, 4, '2017-06-15', '5167.00', NULL, '0.00', '0.00', '0.00'),
(28, 4, '2017-06-30', '5167.00', NULL, '0.00', '0.00', '0.00'),
(29, 4, '2017-07-15', '5167.00', NULL, '0.00', '0.00', '0.00'),
(30, 4, '2017-07-31', '5167.00', NULL, '0.00', '0.00', '0.00'),
(31, 4, '2017-08-15', '5167.00', NULL, '0.00', '0.00', '0.00'),
(32, 4, '2017-08-31', '5167.00', NULL, '0.00', '0.00', '0.00'),
(33, 4, '2017-09-15', '5167.00', NULL, '0.00', '0.00', '0.00'),
(34, 4, '2017-09-30', '5167.00', NULL, '0.00', '0.00', '0.00'),
(35, 4, '2017-10-15', '5167.00', NULL, '0.00', '0.00', '0.00'),
(36, 4, '2017-10-31', '5167.00', NULL, '0.00', '0.00', '0.00'),
(37, 4, '2017-11-15', '5167.00', NULL, '0.00', '0.00', '0.00'),
(38, 4, '2017-11-30', '5167.00', NULL, '0.00', '0.00', '0.00'),
(39, 4, '2017-12-15', '5167.00', NULL, '0.00', '0.00', '0.00'),
(40, 4, '2017-12-31', '5167.00', NULL, '0.00', '0.00', '0.00'),
(41, 4, '2018-01-15', '5167.00', NULL, '0.00', '0.00', '0.00'),
(42, 4, '2018-01-31', '5167.00', NULL, '0.00', '0.00', '0.00'),
(43, 4, '2018-02-15', '5167.00', NULL, '0.00', '0.00', '0.00'),
(44, 4, '2018-02-28', '5159.00', NULL, '0.00', '0.00', '0.00'),
(45, 5, '2017-03-15', '177.00', '2017-03-15', '177.00', '0.00', '883.00'),
(46, 5, '2017-03-31', '177.00', '2017-03-31', '177.00', '0.00', '706.00'),
(47, 5, '2017-04-15', '177.00', '2017-04-15', '177.00', '0.00', '529.00'),
(48, 5, '2017-04-30', '177.00', '2017-04-30', '177.00', '0.00', '352.00'),
(49, 5, '2017-05-15', '177.00', '2017-05-15', '177.00', '0.00', '175.00'),
(50, 5, '2017-05-31', '175.00', '2017-05-31', '175.00', '0.00', '0.00'),
(51, 6, '2017-03-15', '6667.00', '2017-03-15', '6667.00', '0.00', '153333.00'),
(52, 6, '2017-03-31', '6667.00', '2017-03-31', '6667.00', '0.00', '146666.00'),
(53, 6, '2017-04-15', '6667.00', NULL, '0.00', '0.00', '0.00'),
(54, 6, '2017-04-30', '6667.00', NULL, '0.00', '0.00', '0.00'),
(55, 6, '2017-05-15', '6667.00', NULL, '0.00', '0.00', '0.00'),
(56, 6, '2017-05-31', '6667.00', NULL, '0.00', '0.00', '0.00'),
(57, 6, '2017-06-15', '6667.00', NULL, '0.00', '0.00', '0.00'),
(58, 6, '2017-06-30', '6667.00', NULL, '0.00', '0.00', '0.00'),
(59, 6, '2017-07-15', '6667.00', NULL, '0.00', '0.00', '0.00'),
(60, 6, '2017-07-31', '6667.00', NULL, '0.00', '0.00', '0.00'),
(61, 6, '2017-08-15', '6667.00', NULL, '0.00', '0.00', '0.00'),
(62, 6, '2017-08-31', '6667.00', NULL, '0.00', '0.00', '0.00'),
(63, 6, '2017-09-15', '6667.00', NULL, '0.00', '0.00', '0.00'),
(64, 6, '2017-09-30', '6667.00', NULL, '0.00', '0.00', '0.00'),
(65, 6, '2017-10-15', '6667.00', NULL, '0.00', '0.00', '0.00'),
(66, 6, '2017-10-31', '6667.00', NULL, '0.00', '0.00', '0.00'),
(67, 6, '2017-11-15', '6667.00', NULL, '0.00', '0.00', '0.00'),
(68, 6, '2017-11-30', '6667.00', NULL, '0.00', '0.00', '0.00'),
(69, 6, '2017-12-15', '6667.00', NULL, '0.00', '0.00', '0.00'),
(70, 6, '2017-12-31', '6667.00', NULL, '0.00', '0.00', '0.00'),
(71, 6, '2018-01-15', '6667.00', NULL, '0.00', '0.00', '0.00'),
(72, 6, '2018-01-31', '6667.00', NULL, '0.00', '0.00', '0.00'),
(73, 6, '2018-02-15', '6667.00', NULL, '0.00', '0.00', '0.00'),
(74, 6, '2018-02-28', '6659.00', NULL, '0.00', '0.00', '0.00'),
(75, 7, '2017-03-15', '750.00', '2017-03-15', '750.00', '0.00', '14250.00'),
(76, 7, '2017-03-31', '750.00', '2017-03-31', '750.00', '0.00', '14250.00'),
(77, 7, '2017-04-15', '750.00', NULL, '0.00', '0.00', '0.00'),
(78, 7, '2017-04-30', '750.00', NULL, '0.00', '0.00', '0.00'),
(79, 7, '2017-05-15', '750.00', NULL, '0.00', '0.00', '0.00'),
(80, 7, '2017-05-31', '750.00', NULL, '0.00', '0.00', '0.00'),
(81, 7, '2017-06-15', '750.00', NULL, '0.00', '0.00', '0.00'),
(82, 7, '2017-06-30', '750.00', NULL, '0.00', '0.00', '0.00'),
(83, 7, '2017-07-15', '750.00', NULL, '0.00', '0.00', '0.00'),
(84, 7, '2017-07-31', '750.00', NULL, '0.00', '0.00', '0.00'),
(85, 7, '2017-08-15', '750.00', NULL, '0.00', '0.00', '0.00'),
(86, 7, '2017-08-31', '750.00', NULL, '0.00', '0.00', '0.00'),
(87, 7, '2017-09-15', '750.00', NULL, '0.00', '0.00', '0.00'),
(88, 7, '2017-09-30', '750.00', NULL, '0.00', '0.00', '0.00'),
(89, 7, '2017-10-15', '750.00', NULL, '0.00', '0.00', '0.00'),
(90, 7, '2017-10-31', '750.00', NULL, '0.00', '0.00', '0.00'),
(91, 7, '2017-11-15', '750.00', NULL, '0.00', '0.00', '0.00'),
(92, 7, '2017-11-30', '750.00', NULL, '0.00', '0.00', '0.00'),
(93, 7, '2017-12-15', '750.00', NULL, '0.00', '0.00', '0.00'),
(94, 7, '2017-12-31', '750.00', NULL, '0.00', '0.00', '0.00'),
(95, 8, '2017-03-15', '750.00', '2017-03-15', '750.00', '0.00', '14250.00'),
(96, 8, '2017-03-31', '750.00', '2017-03-04', '600.00', '150.00', '13650.00'),
(97, 8, '2017-04-15', '907.50', '2017-04-15', '907.50', '0.00', '12742.50'),
(98, 8, '2017-04-30', '750.00', '2017-04-30', '750.00', '0.00', '11992.50'),
(99, 8, '2017-05-15', '750.00', '2017-05-15', '750.00', '0.00', '11242.50'),
(100, 8, '2017-05-31', '750.00', '2017-05-31', '750.00', '0.00', '10492.50'),
(101, 8, '2017-06-15', '750.00', '2017-06-15', '750.00', '0.00', '9742.50'),
(102, 8, '2017-06-30', '750.00', '2017-06-30', '750.00', '0.00', '8992.50'),
(103, 8, '2017-07-15', '750.00', '2017-07-15', '750.00', '0.00', '8242.50'),
(104, 8, '2017-07-31', '750.00', '2017-07-31', '750.00', '0.00', '7492.50'),
(105, 8, '2017-08-15', '750.00', '2017-08-15', '750.00', '0.00', '6742.50'),
(106, 8, '2017-08-31', '750.00', '2017-08-31', '750.00', '0.00', '5992.50'),
(107, 8, '2017-09-15', '750.00', NULL, '0.00', '0.00', '0.00'),
(108, 8, '2017-09-30', '750.00', NULL, '0.00', '0.00', '0.00'),
(109, 8, '2017-10-15', '750.00', NULL, '0.00', '0.00', '0.00'),
(110, 8, '2017-10-31', '750.00', NULL, '0.00', '0.00', '0.00'),
(111, 8, '2017-11-15', '750.00', NULL, '0.00', '0.00', '0.00'),
(112, 8, '2017-11-30', '750.00', NULL, '0.00', '0.00', '0.00'),
(113, 8, '2017-12-15', '750.00', NULL, '0.00', '0.00', '0.00'),
(114, 8, '2017-12-31', '750.00', NULL, '0.00', '0.00', '0.00'),
(115, 9, '2017-03-15', '750.00', '2017-03-15', '750.00', '0.00', '14250.00'),
(116, 9, '2017-03-31', '750.00', '2017-03-31', '750.00', '0.00', '13500.00'),
(117, 9, '2017-04-15', '750.00', '2017-04-15', '750.00', '0.00', '12750.00'),
(118, 9, '2017-04-30', '750.00', '2017-04-30', '750.00', '0.00', '12000.00'),
(119, 9, '2017-05-15', '750.00', '2017-05-15', '750.00', '0.00', '11250.00'),
(120, 9, '2017-05-31', '750.00', '2017-05-31', '750.00', '0.00', '10500.00'),
(121, 9, '2017-06-15', '750.00', '2017-06-15', '750.00', '0.00', '9750.00'),
(122, 9, '2017-06-30', '750.00', '2017-06-30', '750.00', '0.00', '9000.00'),
(123, 9, '2017-07-15', '750.00', '2017-07-15', '750.00', '0.00', '8250.00'),
(124, 9, '2017-07-31', '750.00', '2017-07-31', '750.00', '0.00', '7500.00'),
(125, 9, '2017-08-15', '750.00', '2017-08-15', '750.00', '0.00', '6750.00'),
(126, 9, '2017-08-31', '750.00', '2017-08-31', '750.00', '0.00', '6000.00'),
(127, 9, '2017-09-15', '750.00', '2017-09-15', '750.00', '0.00', '5250.00'),
(128, 9, '2017-09-30', '750.00', '2017-09-30', '750.00', '0.00', '4500.00'),
(129, 9, '2017-10-15', '750.00', '2017-10-15', '750.00', '0.00', '3750.00'),
(130, 9, '2017-10-31', '750.00', '2017-10-31', '750.00', '0.00', '3000.00'),
(131, 9, '2017-11-15', '750.00', '2017-11-15', '750.00', '0.00', '2250.00'),
(132, 9, '2017-11-30', '750.00', '2017-11-30', '750.00', '0.00', '1500.00'),
(133, 9, '2017-12-15', '750.00', '2017-12-15', '750.00', '0.00', '750.00'),
(134, 9, '2017-12-31', '750.00', '2017-12-31', '750.00', '0.00', '0.00'),
(135, 10, '2017-03-15', '747.00', NULL, '0.00', '0.00', '8960.00'),
(136, 10, '2017-03-31', '747.00', NULL, '0.00', '0.00', '0.00'),
(137, 10, '2017-04-15', '747.00', NULL, '0.00', '0.00', '0.00'),
(138, 10, '2017-04-30', '747.00', NULL, '0.00', '0.00', '0.00'),
(139, 10, '2017-05-15', '747.00', NULL, '0.00', '0.00', '0.00'),
(140, 10, '2017-05-31', '747.00', NULL, '0.00', '0.00', '0.00'),
(141, 10, '2017-06-15', '747.00', NULL, '0.00', '0.00', '0.00'),
(142, 10, '2017-06-30', '747.00', NULL, '0.00', '0.00', '0.00'),
(143, 10, '2017-07-15', '747.00', NULL, '0.00', '0.00', '0.00'),
(144, 10, '2017-07-31', '747.00', NULL, '0.00', '0.00', '0.00'),
(145, 10, '2017-08-15', '747.00', NULL, '0.00', '0.00', '0.00'),
(146, 10, '2017-08-31', '743.00', NULL, '0.00', '0.00', '0.00'),
(147, 11, '2017-02-28', '747.00', '2017-02-28', '747.00', '0.00', '8213.00'),
(148, 11, '2017-03-15', '747.00', '2017-03-15', '747.00', '0.00', '7466.00'),
(149, 11, '2017-03-31', '747.00', NULL, '0.00', '0.00', '0.00'),
(150, 11, '2017-04-15', '747.00', NULL, '0.00', '0.00', '0.00'),
(151, 11, '2017-04-30', '747.00', NULL, '0.00', '0.00', '0.00'),
(152, 11, '2017-05-15', '747.00', NULL, '0.00', '0.00', '0.00'),
(153, 11, '2017-05-31', '747.00', NULL, '0.00', '0.00', '0.00'),
(154, 11, '2017-06-15', '747.00', NULL, '0.00', '0.00', '0.00'),
(155, 11, '2017-06-30', '747.00', NULL, '0.00', '0.00', '0.00'),
(156, 11, '2017-07-15', '747.00', NULL, '0.00', '0.00', '0.00'),
(157, 11, '2017-07-31', '747.00', NULL, '0.00', '0.00', '0.00'),
(158, 11, '2017-08-15', '743.00', NULL, '0.00', '0.00', '0.00'),
(159, 12, '2017-03-15', '11000.00', '2017-03-15', '11000.00', '0.00', '209000.00'),
(160, 12, '2017-03-31', '11000.00', '2017-03-31', '11000.00', '0.00', '198000.00'),
(161, 12, '2017-04-15', '11000.00', '2017-04-15', '11000.00', '0.00', '187000.00'),
(162, 12, '2017-04-30', '11000.00', '2017-04-30', '11000.00', '0.00', '176000.00'),
(163, 12, '2017-05-15', '11000.00', '2017-05-15', '11000.00', '0.00', '165000.00'),
(164, 12, '2017-05-31', '11000.00', '2017-05-31', '11000.00', '0.00', '154000.00'),
(165, 12, '2017-06-15', '11000.00', '2017-06-15', '11000.00', '0.00', '143000.00'),
(166, 12, '2017-06-30', '11000.00', '2017-06-30', '11000.00', '0.00', '132000.00'),
(167, 12, '2017-07-15', '11000.00', '2017-07-15', '11000.00', '0.00', '121000.00'),
(168, 12, '2017-07-31', '11000.00', '2017-07-31', '11000.00', '0.00', '110000.00'),
(169, 12, '2017-08-15', '11000.00', '2017-08-15', '11000.00', '0.00', '99000.00'),
(170, 12, '2017-08-31', '11000.00', '2017-08-31', '11000.00', '0.00', '88000.00'),
(171, 12, '2017-09-15', '11000.00', '2017-09-15', '11000.00', '0.00', '77000.00'),
(172, 12, '2017-09-30', '11000.00', '2017-09-30', '11000.00', '0.00', '66000.00'),
(173, 12, '2017-10-15', '11000.00', '2017-10-15', '11000.00', '0.00', '55000.00'),
(174, 12, '2017-10-31', '11000.00', '2017-10-31', '11000.00', '0.00', '44000.00'),
(175, 12, '2017-11-15', '11000.00', '2017-11-15', '11000.00', '0.00', '33000.00'),
(176, 12, '2017-11-30', '11000.00', '2017-11-30', '11000.00', '0.00', '22000.00'),
(177, 12, '2017-12-15', '11000.00', '2017-12-15', '11000.00', '0.00', '11000.00'),
(178, 12, '2017-12-31', '11000.00', '2017-12-31', '11000.00', '0.00', '0.00');

-- --------------------------------------------------------

--
-- Table structure for table `penalties`
--

CREATE TABLE `penalties` (
  `id` int(11) NOT NULL,
  `payments_id` int(11) NOT NULL,
  `date` date NOT NULL,
  `description` varchar(100) NOT NULL DEFAULT ' ',
  `amount` decimal(10,2) NOT NULL DEFAULT '0.00'
) ENGINE=InnoDB DEFAULT CHARSET=latin1;

--
-- Dumping data for table `penalties`
--

INSERT INTO `penalties` (`id`, `payments_id`, `date`, `description`, `amount`) VALUES
(1, 97, '2017-03-04', '', '7.50');

-- --------------------------------------------------------

--
-- Table structure for table `returns`
--

CREATE TABLE `returns` (
  `id` int(11) NOT NULL,
  `loans_id` int(11) NOT NULL,
  `payments_id` int(11) NOT NULL,
  `investors_id` int(11) NOT NULL,
  `transactions_id` int(11) NOT NULL,
  `returns` decimal(10,2) NOT NULL,
  `percentage` decimal(10,2) NOT NULL,
  `operation_fund` decimal(10,2) NOT NULL COMMENT '10% per transactions'
) ENGINE=InnoDB DEFAULT CHARSET=latin1;

--
-- Dumping data for table `returns`
--

INSERT INTO `returns` (`id`, `loans_id`, `payments_id`, `investors_id`, `transactions_id`, `returns`, `percentage`, `operation_fund`) VALUES
(1, 1, 1, 3, 2, '10.00', '0.00', '0.00'),
(2, 1, 1, 3, 1, '20.00', '0.00', '0.00'),
(3, 1, 2, 3, 2, '3.33', '0.00', '0.00'),
(4, 1, 2, 3, 1, '6.67', '0.00', '0.00'),
(5, 1, 3, 3, 2, '2.33', '0.33', '1.00'),
(6, 1, 3, 3, 1, '5.67', '0.67', '1.00'),
(7, 3, 11, 3, 2, '2.33', '0.33', '1.00'),
(8, 3, 11, 3, 1, '5.67', '0.67', '1.00'),
(9, 3, 12, 3, 2, '2.33', '0.33', '1.00'),
(10, 3, 12, 3, 1, '5.67', '0.67', '1.00'),
(11, 1, 4, 3, 2, '2.33', '0.33', '1.00'),
(12, 1, 4, 3, 1, '5.67', '0.67', '1.00'),
(13, 1, 5, 3, 2, '2.33', '0.33', '1.00'),
(14, 1, 5, 3, 1, '5.67', '0.67', '1.00'),
(15, 2, 7, 3, 2, '7.00', '0.33', '3.00'),
(16, 2, 7, 3, 1, '17.00', '0.67', '3.00'),
(17, 2, 8, 3, 2, '7.00', '0.33', '3.00'),
(18, 2, 8, 3, 1, '17.00', '0.67', '3.00'),
(19, 2, 8, 3, 2, '7.00', '0.33', '3.00'),
(20, 2, 8, 3, 1, '17.00', '0.67', '3.00'),
(21, 5, 45, 3, 2, '2.33', '0.33', '1.00'),
(22, 5, 45, 3, 1, '5.67', '0.67', '1.00'),
(23, 5, 46, 3, 2, '2.33', '0.33', '1.00'),
(24, 5, 46, 3, 1, '5.67', '0.67', '1.00'),
(25, 5, 47, 3, 2, '2.33', '0.33', '1.00'),
(26, 5, 47, 3, 1, '5.67', '0.67', '1.00'),
(27, 5, 48, 3, 2, '2.33', '0.33', '1.00'),
(28, 5, 48, 3, 1, '5.67', '0.67', '1.00'),
(29, 5, 49, 3, 2, '2.33', '0.33', '1.00'),
(30, 5, 49, 3, 1, '5.67', '0.67', '1.00'),
(31, 5, 50, 3, 2, '2.33', '0.33', '1.00'),
(32, 5, 50, 3, 1, '5.67', '0.67', '1.00'),
(33, 6, 51, 3, 2, '583.33', '0.33', '250.00'),
(34, 6, 51, 3, 1, '1416.67', '0.67', '250.00'),
(35, 8, 95, 3, 2, '58.33', '0.33', '25.00'),
(36, 8, 95, 3, 1, '141.67', '0.67', '25.00'),
(37, 8, 96, 3, 2, '58.33', '0.33', '25.00'),
(38, 8, 96, 3, 1, '141.67', '0.67', '25.00'),
(39, 8, 97, 3, 2, '58.33', '0.33', '25.00'),
(40, 8, 97, 3, 1, '141.67', '0.67', '25.00'),
(41, 8, 98, 3, 2, '58.33', '0.33', '25.00'),
(42, 8, 98, 3, 1, '141.67', '0.67', '25.00'),
(43, 8, 99, 3, 2, '58.33', '0.33', '25.00'),
(44, 8, 99, 3, 1, '141.67', '0.67', '25.00'),
(45, 8, 100, 3, 2, '58.33', '0.33', '25.00'),
(46, 8, 100, 3, 1, '141.67', '0.67', '25.00'),
(47, 8, 101, 3, 2, '58.33', '0.33', '25.00'),
(48, 8, 101, 3, 1, '141.67', '0.67', '25.00'),
(49, 8, 102, 3, 2, '58.33', '0.33', '25.00'),
(50, 8, 102, 3, 1, '141.67', '0.67', '25.00'),
(51, 8, 103, 3, 2, '58.33', '0.33', '25.00'),
(52, 8, 103, 3, 1, '141.67', '0.67', '25.00'),
(53, 8, 104, 3, 2, '58.33', '0.33', '25.00'),
(54, 8, 104, 3, 1, '141.67', '0.67', '25.00'),
(55, 8, 105, 3, 2, '58.33', '0.33', '25.00'),
(56, 8, 105, 3, 1, '141.67', '0.67', '25.00'),
(57, 8, 106, 3, 2, '58.33', '0.33', '25.00'),
(58, 8, 106, 3, 1, '141.67', '0.67', '25.00'),
(59, 7, 76, 3, 2, '58.33', '0.33', '25.00'),
(60, 7, 76, 3, 1, '141.67', '0.67', '25.00'),
(61, 9, 115, 3, 2, '58.33', '0.33', '25.00'),
(62, 9, 115, 3, 1, '141.67', '0.67', '25.00'),
(63, 9, 116, 3, 2, '58.33', '0.33', '25.00'),
(64, 9, 116, 3, 1, '141.67', '0.67', '25.00'),
(65, 9, 117, 3, 2, '58.33', '0.33', '25.00'),
(66, 9, 117, 3, 1, '141.67', '0.67', '25.00'),
(67, 9, 118, 3, 2, '58.33', '0.33', '25.00'),
(68, 9, 118, 3, 1, '141.67', '0.67', '25.00'),
(69, 9, 119, 3, 2, '58.33', '0.33', '25.00'),
(70, 9, 119, 3, 1, '141.67', '0.67', '25.00'),
(71, 9, 120, 3, 2, '58.33', '0.33', '25.00'),
(72, 9, 120, 3, 1, '141.67', '0.67', '25.00'),
(73, 9, 121, 3, 2, '58.33', '0.33', '25.00'),
(74, 9, 121, 3, 1, '141.67', '0.67', '25.00'),
(75, 9, 122, 3, 2, '58.33', '0.33', '25.00'),
(76, 9, 122, 3, 1, '141.67', '0.67', '25.00'),
(77, 9, 123, 3, 2, '58.33', '0.33', '25.00'),
(78, 9, 123, 3, 1, '141.67', '0.67', '25.00'),
(79, 9, 124, 3, 2, '58.33', '0.33', '25.00'),
(80, 9, 124, 3, 1, '141.67', '0.67', '25.00'),
(81, 9, 125, 3, 2, '58.33', '0.33', '25.00'),
(82, 9, 125, 3, 1, '141.67', '0.67', '25.00'),
(83, 9, 126, 3, 2, '58.33', '0.33', '25.00'),
(84, 9, 126, 3, 1, '141.67', '0.67', '25.00'),
(85, 9, 127, 3, 2, '58.33', '0.33', '25.00'),
(86, 9, 127, 3, 1, '141.67', '0.67', '25.00'),
(87, 9, 128, 3, 2, '58.33', '0.33', '25.00'),
(88, 9, 128, 3, 1, '141.67', '0.67', '25.00'),
(89, 9, 129, 3, 2, '58.33', '0.33', '25.00'),
(90, 9, 129, 3, 1, '141.67', '0.67', '25.00'),
(91, 9, 130, 3, 2, '58.33', '0.33', '25.00'),
(92, 9, 130, 3, 1, '141.67', '0.67', '25.00'),
(93, 9, 131, 3, 2, '58.33', '0.33', '25.00'),
(94, 9, 131, 3, 1, '141.67', '0.67', '25.00'),
(95, 9, 132, 3, 2, '58.33', '0.33', '25.00'),
(96, 9, 132, 3, 1, '141.67', '0.67', '25.00'),
(97, 9, 133, 3, 2, '58.33', '0.33', '25.00'),
(98, 9, 133, 3, 1, '141.67', '0.67', '25.00'),
(99, 9, 134, 3, 2, '58.33', '0.33', '25.00'),
(100, 9, 134, 3, 1, '141.67', '0.67', '25.00'),
(101, 12, 159, 3, 2, '233.33', '0.33', '100.00'),
(102, 12, 159, 3, 1, '566.67', '0.67', '100.00'),
(103, 12, 160, 3, 2, '233.33', '0.33', '100.00'),
(104, 12, 160, 3, 1, '566.67', '0.67', '100.00'),
(105, 12, 161, 3, 2, '233.33', '0.33', '100.00'),
(106, 12, 161, 3, 1, '566.67', '0.67', '100.00'),
(107, 12, 162, 3, 2, '233.33', '0.33', '100.00'),
(108, 12, 162, 3, 1, '566.67', '0.67', '100.00'),
(109, 12, 163, 3, 2, '233.33', '0.33', '100.00'),
(110, 12, 163, 3, 1, '566.67', '0.67', '100.00'),
(111, 12, 164, 3, 2, '233.33', '0.33', '100.00'),
(112, 12, 164, 3, 1, '566.67', '0.67', '100.00'),
(113, 12, 165, 3, 2, '233.33', '0.33', '100.00'),
(114, 12, 165, 3, 1, '566.67', '0.67', '100.00'),
(115, 12, 166, 3, 2, '233.33', '0.33', '100.00'),
(116, 12, 166, 3, 1, '566.67', '0.67', '100.00'),
(117, 12, 167, 3, 2, '233.33', '0.33', '100.00'),
(118, 12, 167, 3, 1, '566.67', '0.67', '100.00'),
(119, 12, 168, 3, 2, '233.33', '0.33', '100.00'),
(120, 12, 168, 3, 1, '566.67', '0.67', '100.00'),
(121, 12, 169, 3, 2, '233.33', '0.33', '100.00'),
(122, 12, 169, 3, 1, '566.67', '0.67', '100.00'),
(123, 12, 170, 3, 2, '233.33', '0.33', '100.00'),
(124, 12, 170, 3, 1, '566.67', '0.67', '100.00'),
(125, 12, 171, 3, 2, '233.33', '0.33', '100.00'),
(126, 12, 171, 3, 1, '566.67', '0.67', '100.00'),
(127, 12, 172, 3, 2, '233.33', '0.33', '100.00'),
(128, 12, 172, 3, 1, '566.67', '0.67', '100.00'),
(129, 12, 173, 3, 2, '233.33', '0.33', '100.00'),
(130, 12, 173, 3, 1, '566.67', '0.67', '100.00'),
(131, 12, 174, 3, 2, '233.33', '0.33', '100.00'),
(132, 12, 174, 3, 1, '566.67', '0.67', '100.00'),
(133, 12, 175, 3, 2, '233.33', '0.33', '100.00'),
(134, 12, 175, 3, 1, '566.67', '0.67', '100.00'),
(135, 12, 176, 3, 2, '233.33', '0.33', '100.00'),
(136, 12, 176, 3, 1, '566.67', '0.67', '100.00'),
(137, 12, 177, 3, 2, '233.33', '0.33', '100.00'),
(138, 12, 177, 3, 1, '566.67', '0.67', '100.00'),
(139, 12, 178, 3, 2, '233.33', '0.33', '100.00'),
(140, 12, 178, 3, 1, '566.67', '0.67', '100.00');

-- --------------------------------------------------------

--
-- Table structure for table `transactions`
--

CREATE TABLE `transactions` (
  `id` int(11) NOT NULL,
  `transaction_id` varchar(10) NOT NULL,
  `investor_id` int(11) NOT NULL,
  `date_of_transaction` date NOT NULL,
  `amount_transaction` decimal(10,2) NOT NULL,
  `type_transaction` varchar(2) NOT NULL
) ENGINE=InnoDB DEFAULT CHARSET=latin1;

--
-- Dumping data for table `transactions`
--

INSERT INTO `transactions` (`id`, `transaction_id`, `investor_id`, `date_of_transaction`, `amount_transaction`, `type_transaction`) VALUES
(1, '17-3-0001', 3, '2017-02-26', '1000.00', 'I'),
(2, '17-3-0002', 3, '2017-02-27', '500.00', 'W');

--
-- Indexes for dumped tables
--

--
-- Indexes for table `accounts`
--
ALTER TABLE `accounts`
  ADD PRIMARY KEY (`id`);

--
-- Indexes for table `customers`
--
ALTER TABLE `customers`
  ADD PRIMARY KEY (`id`);

--
-- Indexes for table `investors`
--
ALTER TABLE `investors`
  ADD PRIMARY KEY (`id`);

--
-- Indexes for table `loans`
--
ALTER TABLE `loans`
  ADD PRIMARY KEY (`id`);

--
-- Indexes for table `payments`
--
ALTER TABLE `payments`
  ADD PRIMARY KEY (`id`);

--
-- Indexes for table `penalties`
--
ALTER TABLE `penalties`
  ADD PRIMARY KEY (`id`);

--
-- Indexes for table `returns`
--
ALTER TABLE `returns`
  ADD PRIMARY KEY (`id`);

--
-- Indexes for table `transactions`
--
ALTER TABLE `transactions`
  ADD PRIMARY KEY (`id`);

--
-- AUTO_INCREMENT for dumped tables
--

--
-- AUTO_INCREMENT for table `accounts`
--
ALTER TABLE `accounts`
  MODIFY `id` int(11) NOT NULL AUTO_INCREMENT, AUTO_INCREMENT=3;
--
-- AUTO_INCREMENT for table `customers`
--
ALTER TABLE `customers`
  MODIFY `id` int(11) NOT NULL AUTO_INCREMENT, AUTO_INCREMENT=30;
--
-- AUTO_INCREMENT for table `investors`
--
ALTER TABLE `investors`
  MODIFY `id` int(11) NOT NULL AUTO_INCREMENT, AUTO_INCREMENT=4;
--
-- AUTO_INCREMENT for table `loans`
--
ALTER TABLE `loans`
  MODIFY `id` int(11) NOT NULL AUTO_INCREMENT, AUTO_INCREMENT=13;
--
-- AUTO_INCREMENT for table `payments`
--
ALTER TABLE `payments`
  MODIFY `id` int(11) NOT NULL AUTO_INCREMENT, AUTO_INCREMENT=179;
--
-- AUTO_INCREMENT for table `penalties`
--
ALTER TABLE `penalties`
  MODIFY `id` int(11) NOT NULL AUTO_INCREMENT, AUTO_INCREMENT=2;
--
-- AUTO_INCREMENT for table `returns`
--
ALTER TABLE `returns`
  MODIFY `id` int(11) NOT NULL AUTO_INCREMENT, AUTO_INCREMENT=141;
--
-- AUTO_INCREMENT for table `transactions`
--
ALTER TABLE `transactions`
  MODIFY `id` int(11) NOT NULL AUTO_INCREMENT, AUTO_INCREMENT=3;
/*!40101 SET CHARACTER_SET_CLIENT=@OLD_CHARACTER_SET_CLIENT */;
/*!40101 SET CHARACTER_SET_RESULTS=@OLD_CHARACTER_SET_RESULTS */;
/*!40101 SET COLLATION_CONNECTION=@OLD_COLLATION_CONNECTION */;
